date,overall,deepPercentage,awakeCount,remPercentage,stress,restlessness,totalDuration,lightPercentage
2026-04-24,"{'value': 79, 'qualifierKey': 'FAIR'}","{'value': 14, 'qualifierKey': 'FAIR', 'optimalStart': 16.0, 'optimalEnd': 33.0, 'idealStartInSeconds': 4156.8, 'idealEndInSeconds': 8573.4}","{'qualifierKey': 'FAIR', 'optimalStart': 0.0, 'optimalEnd': 1.0}","{'value': 25, 'qualifierKey': 'EXCELLENT', 'optimalStart': 21.0, 'optimalEnd': 31.0, 'idealStartInSeconds': 5455.8, 'idealEndInSeconds': 8053.8}","{'qualifierKey': 'FAIR', 'optimalStart': 0.0, 'optimalEnd': 15.0}","{'qualifierKey': 'FAIR', 'optimalStart': 0.0, 'optimalEnd': 5.0}","{'qualifierKey': 'GOOD', 'optimalStart': 27600.0, 'optimalEnd': 27600.0}","{'value': 61, 'qualifierKey': 'GOOD', 'optimalStart': 30.0, 'optimalEnd': 64.0, 'idealStartInSeconds': 7794.0, 'idealEndInSeconds': 16627.2}"
2026-04-25,"{'value': 81, 'qualifierKey': 'GOOD'}","{'value': 7, 'qualifierKey': 'FAIR', 'optimalStart': 16.0, 'optimalEnd': 33.0, 'idealStartInSeconds': 4694.24, 'idealEndInSeconds': 9681.87}","{'qualifierKey': 'EXCELLENT', 'optimalStart': 0.0, 'optimalEnd': 1.0}","{'value': 22, 'qualifierKey': 'GOOD', 'optimalStart': 21.0, 'optimalEnd': 31.0, 'idealStartInSeconds': 6161.19, 'idealEndInSeconds': 9095.09}","{'qualifierKey': 'FAIR', 'optimalStart': 0.0, 'optimalEnd': 15.0}","{'qualifierKey': 'EXCELLENT', 'optimalStart': 0.0, 'optimalEnd': 5.0}","{'qualifierKey': 'EXCELLENT', 'optimalStart': 27600.0, 'optimalEnd': 27600.0}","{'value': 71, 'qualifierKey': 'FAIR', 'optimalStart': 30.0, 'optimalEnd': 64.0, 'idealStartInSeconds': 8801.7, 'idealEndInSeconds': 18776.96}"
2026-04-27,"{'value': 87, 'qualifierKey': 'GOOD'}","{'value': 14, 'qualifierKey': 'FAIR', 'optimalStart': 16.0, 'optimalEnd': 33.0, 'idealStartInSeconds': 4243.2, 'idealEndInSeconds': 8751.6}","{'qualifierKey': 'EXCELLENT', 'optimalStart': 0.0, 'optimalEnd': 1.0}","{'value': 21, 'qualifierKey': 'FAIR', 'optimalStart': 21.0, 'optimalEnd': 31.0, 'idealStartInSeconds': 5569.2, 'idealEndInSeconds': 8221.2}","{'qualifierKey': 'FAIR', 'optimalStart': 0.0, 'optimalEnd': 15.0}","{'qualifierKey': 'EXCELLENT', 'optimalStart': 0.0, 'optimalEnd': 5.0}","{'qualifierKey': 'EXCELLENT', 'optimalStart': 27600.0, 'optimalEnd': 27600.0}","{'value': 65, 'qualifierKey': 'FAIR', 'optimalStart': 30.0, 'optimalEnd': 64.0, 'idealStartInSeconds': 7956.0, 'idealEndInSeconds': 16972.8}"
2026-04-28,"{'value': 89, 'qualifierKey': 'GOOD'}","{'value': 15, 'qualifierKey': 'FAIR', 'optimalStart': 16.0, 'optimalEnd': 33.0, 'idealStartInSeconds': 4848.0, 'idealEndInSeconds': 9999.0}","{'qualifierKey': 'EXCELLENT', 'optimalStart': 0.0, 'optimalEnd': 1.0}","{'value': 27, 'qualifierKey': 'EXCELLENT', 'optimalStart': 21.0, 'optimalEnd': 31.0, 'idealStartInSeconds': 6363.0, 'idealEndInSeconds': 9393.0}","{'qualifierKey': 'FAIR', 'optimalStart': 0.0, 'optimalEnd': 15.0}","{'qualifierKey': 'EXCELLENT', 'optimalStart': 0.0, 'optimalEnd': 5.0}","{'qualifierKey': 'EXCELLENT', 'optimalStart': 27600.0, 'optimalEnd': 27600.0}","{'value': 59, 'qualifierKey': 'EXCELLENT', 'optimalStart': 30.0, 'optimalEnd': 64.0, 'idealStartInSeconds': 9090.0, 'idealEndInSeconds': 19392.0}"
2026-04-29,"{'value': 85, 'qualifierKey': 'GOOD'}","{'value': 22, 'qualifierKey': 'EXCELLENT', 'optimalStart': 16.0, 'optimalEnd': 33.0, 'idealStartInSeconds': 4291.2, 'idealEndInSeconds': 8850.6}","{'qualifierKey': 'EXCELLENT', 'optimalStart': 0.0, 'optimalEnd': 1.0}","{'value': 26, 'qualifierKey': 'EXCELLENT', 'optimalStart': 21.0, 'optimalEnd': 31.0, 'idealStartInSeconds': 5632.2, 'idealEndInSeconds': 8314.2}","{'qualifierKey': 'FAIR', 'optimalStart': 0.0, 'optimalEnd': 15.0}","{'qualifierKey': 'EXCELLENT', 'optimalStart': 0.0, 'optimalEnd': 5.0}","{'qualifierKey': 'EXCELLENT', 'optimalStart': 27600.0, 'optimalEnd': 27600.0}","{'value': 53, 'qualifierKey': 'EXCELLENT', 'optimalStart': 30.0, 'optimalEnd': 64.0, 'idealStartInSeconds': 8046.0, 'idealEndInSeconds': 17164.8}"
2026-05-01,"{'value': 81, 'qualifierKey': 'GOOD'}","{'value': 17, 'qualifierKey': 'GOOD', 'optimalStart': 16.0, 'optimalEnd': 33.0, 'idealStartInSeconds': 3532.8, 'idealEndInSeconds': 7286.4}","{'qualifierKey': 'EXCELLENT', 'optimalStart': 0.0, 'optimalEnd': 1.0}","{'value': 23, 'qualifierKey': 'EXCELLENT', 'optimalStart': 21.0, 'optimalEnd': 31.0, 'idealStartInSeconds': 4636.8, 'idealEndInSeconds': 6844.8}","{'qualifierKey': 'FAIR', 'optimalStart': 0.0, 'optimalEnd': 15.0}","{'qualifierKey': 'EXCELLENT', 'optimalStart': 0.0, 'optimalEnd': 5.0}","{'qualifierKey': 'GOOD', 'optimalStart': 27600.0, 'optimalEnd': 27600.0}","{'value': 61, 'qualifierKey': 'GOOD', 'optimalStart': 30.0, 'optimalEnd': 64.0, 'idealStartInSeconds': 6624.0, 'idealEndInSeconds': 14131.2}"
2026-05-02,"{'value': 29, 'qualifierKey': 'POOR'}","{'value': 83, 'qualifierKey': 'INVALID', 'optimalStart': 16.0, 'optimalEnd': 33.0, 'idealStartInSeconds': 720.0, 'idealEndInSeconds': 1485.0}","{'qualifierKey': 'EXCELLENT', 'optimalStart': 0.0, 'optimalEnd': 1.0}","{'value': 0, 'qualifierKey': 'INVALID', 'optimalStart': 21.0, 'optimalEnd': 31.0, 'idealStartInSeconds': 945.0, 'idealEndInSeconds': 1395.0}","{'qualifierKey': 'FAIR', 'optimalStart': 0.0, 'optimalEnd': 15.0}","{'qualifierKey': 'EXCELLENT', 'optimalStart': 0.0, 'optimalEnd': 5.0}","{'qualifierKey': 'POOR', 'optimalStart': 27600.0, 'optimalEnd': 27600.0}","{'value': 17, 'qualifierKey': 'INVALID', 'optimalStart': 30.0, 'optimalEnd': 64.0, 'idealStartInSeconds': 1350.0, 'idealEndInSeconds': 2880.0}"
2026-05-03,"{'value': 96, 'qualifierKey': 'EXCELLENT'}","{'value': 21, 'qualifierKey': 'EXCELLENT', 'optimalStart': 16.0, 'optimalEnd': 33.0, 'idealStartInSeconds': 5328.0, 'idealEndInSeconds': 10989.0}","{'qualifierKey': 'EXCELLENT', 'optimalStart': 0.0, 'optimalEnd': 1.0}","{'value': 33, 'qualifierKey': 'FAIR', 'optimalStart': 21.0, 'optimalEnd': 31.0, 'idealStartInSeconds': 6993.0, 'idealEndInSeconds': 10323.0}","{'qualifierKey': 'EXCELLENT', 'optimalStart': 0.0, 'optimalEnd': 15.0}","{'qualifierKey': 'EXCELLENT', 'optimalStart': 0.0, 'optimalEnd': 5.0}","{'qualifierKey': 'EXCELLENT', 'optimalStart': 27600.0, 'optimalEnd': 27600.0}","{'value': 46, 'qualifierKey': 'EXCELLENT', 'optimalStart': 30.0, 'optimalEnd': 64.0, 'idealStartInSeconds': 9990.0, 'idealEndInSeconds': 21312.0}"
2026-05-04,"{'value': 95, 'qualifierKey': 'EXCELLENT'}","{'value': 23, 'qualifierKey': 'EXCELLENT', 'optimalStart': 16.0, 'optimalEnd': 33.0, 'idealStartInSeconds': 4761.6, 'idealEndInSeconds': 9820.8}","{'qualifierKey': 'EXCELLENT', 'optimalStart': 0.0, 'optimalEnd': 1.0}","{'value': 23, 'qualifierKey': 'EXCELLENT', 'optimalStart': 21.0, 'optimalEnd': 31.0, 'idealStartInSeconds': 6249.6, 'idealEndInSeconds': 9225.6}","{'qualifierKey': 'GOOD', 'optimalStart': 0.0, 'optimalEnd': 15.0}","{'qualifierKey': 'EXCELLENT', 'optimalStart': 0.0, 'optimalEnd': 5.0}","{'qualifierKey': 'EXCELLENT', 'optimalStart': 27600.0, 'optimalEnd': 27600.0}","{'value': 54, 'qualifierKey': 'EXCELLENT', 'optimalStart': 30.0, 'optimalEnd': 64.0, 'idealStartInSeconds': 8928.0, 'idealEndInSeconds': 19046.4}"
2026-05-05,"{'value': 71, 'qualifierKey': 'FAIR'}","{'value': 17, 'qualifierKey': 'GOOD', 'optimalStart': 16.0, 'optimalEnd': 33.0, 'idealStartInSeconds': 4329.6, 'idealEndInSeconds': 8929.8}","{'qualifierKey': 'POOR', 'optimalStart': 0.0, 'optimalEnd': 1.0}","{'value': 21, 'qualifierKey': 'GOOD', 'optimalStart': 21.0, 'optimalEnd': 31.0, 'idealStartInSeconds': 5682.6, 'idealEndInSeconds': 8388.6}","{'qualifierKey': 'FAIR', 'optimalStart': 0.0, 'optimalEnd': 15.0}","{'qualifierKey': 'POOR', 'optimalStart': 0.0, 'optimalEnd': 5.0}","{'qualifierKey': 'GOOD', 'optimalStart': 27600.0, 'optimalEnd': 27600.0}","{'value': 62, 'qualifierKey': 'GOOD', 'optimalStart': 30.0, 'optimalEnd': 64.0, 'idealStartInSeconds': 8118.0, 'idealEndInSeconds': 17318.4}"
2026-05-06,"{'value': 78, 'qualifierKey': 'FAIR'}","{'value': 17, 'qualifierKey': 'GOOD', 'optimalStart': 16.0, 'optimalEnd': 33.0, 'idealStartInSeconds': 3628.8, 'idealEndInSeconds': 7484.4}","{'qualifierKey': 'EXCELLENT', 'optimalStart': 0.0, 'optimalEnd': 1.0}","{'value': 21, 'qualifierKey': 'FAIR', 'optimalStart': 21.0, 'optimalEnd': 31.0, 'idealStartInSeconds': 4762.8, 'idealEndInSeconds': 7030.8}","{'qualifierKey': 'FAIR', 'optimalStart': 0.0, 'optimalEnd': 15.0}","{'qualifierKey': 'EXCELLENT', 'optimalStart': 0.0, 'optimalEnd': 5.0}","{'qualifierKey': 'FAIR', 'optimalStart': 27600.0, 'optimalEnd': 27600.0}","{'value': 62, 'qualifierKey': 'GOOD', 'optimalStart': 30.0, 'optimalEnd': 64.0, 'idealStartInSeconds': 6804.0, 'idealEndInSeconds': 14515.2}"
2026-05-07,"{'value': 94, 'qualifierKey': 'EXCELLENT'}","{'value': 26, 'qualifierKey': 'EXCELLENT', 'optimalStart': 16.0, 'optimalEnd': 33.0, 'idealStartInSeconds': 4972.8, 'idealEndInSeconds': 10256.4}","{'qualifierKey': 'GOOD', 'optimalStart': 0.0, 'optimalEnd': 1.0}","{'value': 31, 'qualifierKey': 'GOOD', 'optimalStart': 21.0, 'optimalEnd': 31.0, 'idealStartInSeconds': 6526.8, 'idealEndInSeconds': 9634.8}","{'qualifierKey': 'EXCELLENT', 'optimalStart': 0.0, 'optimalEnd': 15.0}","{'qualifierKey': 'GOOD', 'optimalStart': 0.0, 'optimalEnd': 5.0}","{'qualifierKey': 'EXCELLENT', 'optimalStart': 27600.0, 'optimalEnd': 27600.0}","{'value': 44, 'qualifierKey': 'EXCELLENT', 'optimalStart': 30.0, 'optimalEnd': 64.0, 'idealStartInSeconds': 9324.0, 'idealEndInSeconds': 19891.2}"
2026-05-08,"{'value': 90, 'qualifierKey': 'EXCELLENT'}","{'value': 27, 'qualifierKey': 'EXCELLENT', 'optimalStart': 16.0, 'optimalEnd': 33.0, 'idealStartInSeconds': 4483.2, 'idealEndInSeconds': 9246.6}","{'qualifierKey': 'GOOD', 'optimalStart': 0.0, 'optimalEnd': 1.0}","{'value': 34, 'qualifierKey': 'FAIR', 'optimalStart': 21.0, 'optimalEnd': 31.0, 'idealStartInSeconds': 5884.2, 'idealEndInSeconds': 8686.2}","{'qualifierKey': 'EXCELLENT', 'optimalStart': 0.0, 'optimalEnd': 15.0}","{'qualifierKey': 'GOOD', 'optimalStart': 0.0, 'optimalEnd': 5.0}","{'qualifierKey': 'EXCELLENT', 'optimalStart': 27600.0, 'optimalEnd': 27600.0}","{'value': 39, 'qualifierKey': 'EXCELLENT', 'optimalStart': 30.0, 'optimalEnd': 64.0, 'idealStartInSeconds': 8406.0, 'idealEndInSeconds': 17932.8}"
2026-05-09,"{'value': 96, 'qualifierKey': 'EXCELLENT'}","{'value': 18, 'qualifierKey': 'EXCELLENT', 'optimalStart': 16.0, 'optimalEnd': 33.0, 'idealStartInSeconds': 4999.36, 'idealEndInSeconds': 10311.18}","{'qualifierKey': 'EXCELLENT', 'optimalStart': 0.0, 'optimalEnd': 1.0}","{'value': 31, 'qualifierKey': 'GOOD', 'optimalStart': 21.0, 'optimalEnd': 31.0, 'idealStartInSeconds': 6561.66, 'idealEndInSeconds': 9686.26}","{'qualifierKey': 'EXCELLENT', 'optimalStart': 0.0, 'optimalEnd': 15.0}","{'qualifierKey': 'EXCELLENT', 'optimalStart': 0.0, 'optimalEnd': 5.0}","{'qualifierKey': 'EXCELLENT', 'optimalStart': 27600.0, 'optimalEnd': 27600.0}","{'value': 51, 'qualifierKey': 'EXCELLENT', 'optimalStart': 30.0, 'optimalEnd': 64.0, 'idealStartInSeconds': 9373.8, 'idealEndInSeconds': 19997.44}"
2026-05-10,"{'value': 67, 'qualifierKey': 'FAIR'}","{'value': 13, 'qualifierKey': 'FAIR', 'optimalStart': 16.0, 'optimalEnd': 33.0, 'idealStartInSeconds': 4099.2, 'idealEndInSeconds': 8454.6}","{'qualifierKey': 'FAIR', 'optimalStart': 0.0, 'optimalEnd': 1.0}","{'value': 9, 'qualifierKey': 'POOR', 'optimalStart': 21.0, 'optimalEnd': 31.0, 'idealStartInSeconds': 5380.2, 'idealEndInSeconds': 7942.2}","{'qualifierKey': 'POOR', 'optimalStart': 0.0, 'optimalEnd': 15.0}","{'qualifierKey': 'FAIR', 'optimalStart': 0.0, 'optimalEnd': 5.0}","{'qualifierKey': 'GOOD', 'optimalStart': 27600.0, 'optimalEnd': 27600.0}","{'value': 78, 'qualifierKey': 'FAIR', 'optimalStart': 30.0, 'optimalEnd': 64.0, 'idealStartInSeconds': 7686.0, 'idealEndInSeconds': 16396.8}"
2026-05-11,"{'value': 89, 'qualifierKey': 'GOOD'}","{'value': 19, 'qualifierKey': 'EXCELLENT', 'optimalStart': 16.0, 'optimalEnd': 33.0, 'idealStartInSeconds': 4982.4, 'idealEndInSeconds': 10276.2}","{'qualifierKey': 'FAIR', 'optimalStart': 0.0, 'optimalEnd': 1.0}","{'value': 21, 'qualifierKey': 'GOOD', 'optimalStart': 21.0, 'optimalEnd': 31.0, 'idealStartInSeconds': 6539.4, 'idealEndInSeconds': 9653.4}","{'qualifierKey': 'GOOD', 'optimalStart': 0.0, 'optimalEnd': 15.0}","{'qualifierKey': 'GOOD', 'optimalStart': 0.0, 'optimalEnd': 5.0}","{'qualifierKey': 'EXCELLENT', 'optimalStart': 27600.0, 'optimalEnd': 27600.0}","{'value': 60, 'qualifierKey': 'GOOD', 'optimalStart': 30.0, 'optimalEnd': 64.0, 'idealStartInSeconds': 9342.0, 'idealEndInSeconds': 19929.6}"
2026-05-12,"{'value': 89, 'qualifierKey': 'GOOD'}","{'value': 11, 'qualifierKey': 'FAIR', 'optimalStart': 16.0, 'optimalEnd': 33.0, 'idealStartInSeconds': 4521.6, 'idealEndInSeconds': 9325.8}","{'qualifierKey': 'GOOD', 'optimalStart': 0.0, 'optimalEnd': 1.0}","{'value': 23, 'qualifierKey': 'EXCELLENT', 'optimalStart': 21.0, 'optimalEnd': 31.0, 'idealStartInSeconds': 5934.6, 'idealEndInSeconds': 8760.6}","{'qualifierKey': 'EXCELLENT', 'optimalStart': 0.0, 'optimalEnd': 15.0}","{'qualifierKey': 'GOOD', 'optimalStart': 0.0, 'optimalEnd': 5.0}","{'qualifierKey': 'EXCELLENT', 'optimalStart': 28200.0, 'optimalEnd': 28200.0}","{'value': 66, 'qualifierKey': 'FAIR', 'optimalStart': 30.0, 'optimalEnd': 64.0, 'idealStartInSeconds': 8478.0, 'idealEndInSeconds': 18086.4}"
2026-05-13,"{'value': 82, 'qualifierKey': 'GOOD'}","{'value': 16, 'qualifierKey': 'GOOD', 'optimalStart': 16.0, 'optimalEnd': 33.0, 'idealStartInSeconds': 4051.2, 'idealEndInSeconds': 8355.6}","{'qualifierKey': 'EXCELLENT', 'optimalStart': 0.0, 'optimalEnd': 1.0}","{'value': 29, 'qualifierKey': 'EXCELLENT', 'optimalStart': 21.0, 'optimalEnd': 31.0, 'idealStartInSeconds': 5317.2, 'idealEndInSeconds': 7849.2}","{'qualifierKey': 'FAIR', 'optimalStart': 0.0, 'optimalEnd': 15.0}","{'qualifierKey': 'EXCELLENT', 'optimalStart': 0.0, 'optimalEnd': 5.0}","{'qualifierKey': 'GOOD', 'optimalStart': 28200.0, 'optimalEnd': 28200.0}","{'value': 55, 'qualifierKey': 'EXCELLENT', 'optimalStart': 30.0, 'optimalEnd': 64.0, 'idealStartInSeconds': 7596.0, 'idealEndInSeconds': 16204.8}"
2026-05-14,"{'value': 86, 'qualifierKey': 'GOOD'}","{'value': 18, 'qualifierKey': 'EXCELLENT', 'optimalStart': 16.0, 'optimalEnd': 33.0, 'idealStartInSeconds': 4214.4, 'idealEndInSeconds': 8692.2}","{'qualifierKey': 'GOOD', 'optimalStart': 0.0, 'optimalEnd': 1.0}","{'value': 26, 'qualifierKey': 'EXCELLENT', 'optimalStart': 21.0, 'optimalEnd': 31.0, 'idealStartInSeconds': 5531.4, 'idealEndInSeconds': 8165.4}","{'qualifierKey': 'FAIR', 'optimalStart': 0.0, 'optimalEnd': 15.0}","{'qualifierKey': 'GOOD', 'optimalStart': 0.0, 'optimalEnd': 5.0}","{'qualifierKey': 'GOOD', 'optimalStart': 28200.0, 'optimalEnd': 28200.0}","{'value': 56, 'qualifierKey': 'EXCELLENT', 'optimalStart': 30.0, 'optimalEnd': 64.0, 'idealStartInSeconds': 7902.0, 'idealEndInSeconds': 16857.6}"
2026-05-15,"{'value': 86, 'qualifierKey': 'GOOD'}","{'value': 13, 'qualifierKey': 'FAIR', 'optimalStart': 16.0, 'optimalEnd': 33.0, 'idealStartInSeconds': 4214.4, 'idealEndInSeconds': 8692.2}","{'qualifierKey': 'GOOD', 'optimalStart': 0.0, 'optimalEnd': 1.0}","{'value': 27, 'qualifierKey': 'EXCELLENT', 'optimalStart': 21.0, 'optimalEnd': 31.0, 'idealStartInSeconds': 5531.4, 'idealEndInSeconds': 8165.4}","{'qualifierKey': 'GOOD', 'optimalStart': 0.0, 'optimalEnd': 15.0}","{'qualifierKey': 'EXCELLENT', 'optimalStart': 0.0, 'optimalEnd': 5.0}","{'qualifierKey': 'GOOD', 'optimalStart': 28200.0, 'optimalEnd': 28200.0}","{'value': 59, 'qualifierKey': 'GOOD', 'optimalStart': 30.0, 'optimalEnd': 64.0, 'idealStartInSeconds': 7902.0, 'idealEndInSeconds': 16857.6}"
2026-05-16,"{'value': 94, 'qualifierKey': 'EXCELLENT'}","{'value': 19, 'qualifierKey': 'EXCELLENT', 'optimalStart': 16.0, 'optimalEnd': 33.0, 'idealStartInSeconds': 4934.4, 'idealEndInSeconds': 10177.2}","{'qualifierKey': 'EXCELLENT', 'optimalStart': 0.0, 'optimalEnd': 1.0}","{'value': 27, 'qualifierKey': 'EXCELLENT', 'optimalStart': 21.0, 'optimalEnd': 31.0, 'idealStartInSeconds': 6476.4, 'idealEndInSeconds': 9560.4}","{'qualifierKey': 'GOOD', 'optimalStart': 0.0, 'optimalEnd': 15.0}","{'qualifierKey': 'EXCELLENT', 'optimalStart': 0.0, 'optimalEnd': 5.0}","{'qualifierKey': 'EXCELLENT', 'optimalStart': 28200.0, 'optimalEnd': 28200.0}","{'value': 54, 'qualifierKey': 'EXCELLENT', 'optimalStart': 30.0, 'optimalEnd': 64.0, 'idealStartInSeconds': 9252.0, 'idealEndInSeconds': 19737.6}"
2026-05-17,"{'value': 87, 'qualifierKey': 'GOOD'}","{'value': 18, 'qualifierKey': 'GOOD', 'optimalStart': 16.0, 'optimalEnd': 33.0, 'idealStartInSeconds': 4032.0, 'idealEndInSeconds': 8316.0}","{'qualifierKey': 'EXCELLENT', 'optimalStart': 0.0, 'optimalEnd': 1.0}","{'value': 25, 'qualifierKey': 'EXCELLENT', 'optimalStart': 21.0, 'optimalEnd': 31.0, 'idealStartInSeconds': 5292.0, 'idealEndInSeconds': 7812.0}","{'qualifierKey': 'EXCELLENT', 'optimalStart': 0.0, 'optimalEnd': 15.0}","{'qualifierKey': 'EXCELLENT', 'optimalStart': 0.0, 'optimalEnd': 5.0}","{'qualifierKey': 'FAIR', 'optimalStart': 28200.0, 'optimalEnd': 28200.0}","{'value': 58, 'qualifierKey': 'EXCELLENT', 'optimalStart': 30.0, 'optimalEnd': 64.0, 'idealStartInSeconds': 7560.0, 'idealEndInSeconds': 16128.0}"
2026-05-18,"{'value': 93, 'qualifierKey': 'EXCELLENT'}","{'value': 24, 'qualifierKey': 'EXCELLENT', 'optimalStart': 16.0, 'optimalEnd': 33.0, 'idealStartInSeconds': 4838.4, 'idealEndInSeconds': 9979.2}","{'qualifierKey': 'EXCELLENT', 'optimalStart': 0.0, 'optimalEnd': 1.0}","{'value': 20, 'qualifierKey': 'FAIR', 'optimalStart': 21.0, 'optimalEnd': 31.0, 'idealStartInSeconds': 6350.4, 'idealEndInSeconds': 9374.4}","{'qualifierKey': 'GOOD', 'optimalStart': 0.0, 'optimalEnd': 15.0}","{'qualifierKey': 'EXCELLENT', 'optimalStart': 0.0, 'optimalEnd': 5.0}","{'qualifierKey': 'EXCELLENT', 'optimalStart': 28200.0, 'optimalEnd': 28200.0}","{'value': 55, 'qualifierKey': 'EXCELLENT', 'optimalStart': 30.0, 'optimalEnd': 64.0, 'idealStartInSeconds': 9072.0, 'idealEndInSeconds': 19353.6}"
2026-05-19,"{'value': 94, 'qualifierKey': 'EXCELLENT'}","{'value': 18, 'qualifierKey': 'EXCELLENT', 'optimalStart': 16.0, 'optimalEnd': 33.0, 'idealStartInSeconds': 5155.2, 'idealEndInSeconds': 10632.6}","{'qualifierKey': 'EXCELLENT', 'optimalStart': 0.0, 'optimalEnd': 1.0}","{'value': 31, 'qualifierKey': 'GOOD', 'optimalStart': 21.0, 'optimalEnd': 31.0, 'idealStartInSeconds': 6766.2, 'idealEndInSeconds': 9988.2}","{'qualifierKey': 'EXCELLENT', 'optimalStart': 0.0, 'optimalEnd': 15.0}","{'qualifierKey': 'EXCELLENT', 'optimalStart': 0.0, 'optimalEnd': 5.0}","{'qualifierKey': 'EXCELLENT', 'optimalStart': 28200.0, 'optimalEnd': 28200.0}","{'value': 51, 'qualifierKey': 'EXCELLENT', 'optimalStart': 30.0, 'optimalEnd': 64.0, 'idealStartInSeconds': 9666.0, 'idealEndInSeconds': 20620.8}"
2026-05-20,"{'value': 84, 'qualifierKey': 'GOOD'}","{'value': 16, 'qualifierKey': 'GOOD', 'optimalStart': 16.0, 'optimalEnd': 33.0, 'idealStartInSeconds': 4108.8, 'idealEndInSeconds': 8474.4}","{'qualifierKey': 'EXCELLENT', 'optimalStart': 0.0, 'optimalEnd': 1.0}","{'value': 23, 'qualifierKey': 'EXCELLENT', 'optimalStart': 21.0, 'optimalEnd': 31.0, 'idealStartInSeconds': 5392.8, 'idealEndInSeconds': 7960.8}","{'qualifierKey': 'FAIR', 'optimalStart': 0.0, 'optimalEnd': 15.0}","{'qualifierKey': 'EXCELLENT', 'optimalStart': 0.0, 'optimalEnd': 5.0}","{'qualifierKey': 'GOOD', 'optimalStart': 28200.0, 'optimalEnd': 28200.0}","{'value': 61, 'qualifierKey': 'GOOD', 'optimalStart': 30.0, 'optimalEnd': 64.0, 'idealStartInSeconds': 7704.0, 'idealEndInSeconds': 16435.2}"
2026-05-21,"{'value': 100, 'qualifierKey': 'EXCELLENT'}","{'value': 24, 'qualifierKey': 'EXCELLENT', 'optimalStart': 16.0, 'optimalEnd': 33.0, 'idealStartInSeconds': 4896.0, 'idealEndInSeconds': 10098.0}","{'qualifierKey': 'EXCELLENT', 'optimalStart': 0.0, 'optimalEnd': 1.0}","{'value': 25, 'qualifierKey': 'EXCELLENT', 'optimalStart': 21.0, 'optimalEnd': 31.0, 'idealStartInSeconds': 6426.0, 'idealEndInSeconds': 9486.0}","{'qualifierKey': 'EXCELLENT', 'optimalStart': 0.0, 'optimalEnd': 15.0}","{'qualifierKey': 'EXCELLENT', 'optimalStart': 0.0, 'optimalEnd': 5.0}","{'qualifierKey': 'EXCELLENT', 'optimalStart': 28200.0, 'optimalEnd': 28200.0}","{'value': 51, 'qualifierKey': 'EXCELLENT', 'optimalStart': 30.0, 'optimalEnd': 64.0, 'idealStartInSeconds': 9180.0, 'idealEndInSeconds': 19584.0}"
2026-05-22,"{'value': 90, 'qualifierKey': 'EXCELLENT'}","{'value': 24, 'qualifierKey': 'EXCELLENT', 'optimalStart': 16.0, 'optimalEnd': 33.0, 'idealStartInSeconds': 4147.2, 'idealEndInSeconds': 8553.6}","{'qualifierKey': 'EXCELLENT', 'optimalStart': 0.0, 'optimalEnd': 1.0}","{'value': 30, 'qualifierKey': 'GOOD', 'optimalStart': 21.0, 'optimalEnd': 31.0, 'idealStartInSeconds': 5443.2, 'idealEndInSeconds': 8035.2}","{'qualifierKey': 'EXCELLENT', 'optimalStart': 0.0, 'optimalEnd': 15.0}","{'qualifierKey': 'EXCELLENT', 'optimalStart': 0.0, 'optimalEnd': 5.0}","{'qualifierKey': 'GOOD', 'optimalStart': 28200.0, 'optimalEnd': 28200.0}","{'value': 46, 'qualifierKey': 'EXCELLENT', 'optimalStart': 30.0, 'optimalEnd': 64.0, 'idealStartInSeconds': 7776.0, 'idealEndInSeconds': 16588.8}"
2026-05-23,"{'value': 92, 'qualifierKey': 'EXCELLENT'}","{'value': 22, 'qualifierKey': 'EXCELLENT', 'optimalStart': 16.0, 'optimalEnd': 33.0, 'idealStartInSeconds': 5049.6, 'idealEndInSeconds': 10414.8}","{'qualifierKey': 'EXCELLENT', 'optimalStart': 0.0, 'optimalEnd': 1.0}","{'value': 26, 'qualifierKey': 'EXCELLENT', 'optimalStart': 21.0, 'optimalEnd': 31.0, 'idealStartInSeconds': 6627.6, 'idealEndInSeconds': 9783.6}","{'qualifierKey': 'FAIR', 'optimalStart': 0.0, 'optimalEnd': 15.0}","{'qualifierKey': 'EXCELLENT', 'optimalStart': 0.0, 'optimalEnd': 5.0}","{'qualifierKey': 'EXCELLENT', 'optimalStart': 28200.0, 'optimalEnd': 28200.0}","{'value': 52, 'qualifierKey': 'EXCELLENT', 'optimalStart': 30.0, 'optimalEnd': 64.0, 'idealStartInSeconds': 9468.0, 'idealEndInSeconds': 20198.4}"
2026-05-24,"{'value': 95, 'qualifierKey': 'EXCELLENT'}","{'value': 18, 'qualifierKey': 'EXCELLENT', 'optimalStart': 16.0, 'optimalEnd': 33.0, 'idealStartInSeconds': 4512.0, 'idealEndInSeconds': 9306.0}","{'qualifierKey': 'GOOD', 'optimalStart': 0.0, 'optimalEnd': 1.0}","{'value': 27, 'qualifierKey': 'EXCELLENT', 'optimalStart': 21.0, 'optimalEnd': 31.0, 'idealStartInSeconds': 5922.0, 'idealEndInSeconds': 8742.0}","{'qualifierKey': 'EXCELLENT', 'optimalStart': 0.0, 'optimalEnd': 15.0}","{'qualifierKey': 'EXCELLENT', 'optimalStart': 0.0, 'optimalEnd': 5.0}","{'qualifierKey': 'EXCELLENT', 'optimalStart': 28200.0, 'optimalEnd': 28200.0}","{'value': 55, 'qualifierKey': 'EXCELLENT', 'optimalStart': 30.0, 'optimalEnd': 64.0, 'idealStartInSeconds': 8460.0, 'idealEndInSeconds': 18048.0}"
2026-05-25,"{'value': 99, 'qualifierKey': 'EXCELLENT'}","{'value': 24, 'qualifierKey': 'EXCELLENT', 'optimalStart': 16.0, 'optimalEnd': 33.0, 'idealStartInSeconds': 4492.8, 'idealEndInSeconds': 9266.4}","{'qualifierKey': 'EXCELLENT', 'optimalStart': 0.0, 'optimalEnd': 1.0}","{'value': 23, 'qualifierKey': 'EXCELLENT', 'optimalStart': 21.0, 'optimalEnd': 31.0, 'idealStartInSeconds': 5896.8, 'idealEndInSeconds': 8704.8}","{'qualifierKey': 'EXCELLENT', 'optimalStart': 0.0, 'optimalEnd': 15.0}","{'qualifierKey': 'EXCELLENT', 'optimalStart': 0.0, 'optimalEnd': 5.0}","{'qualifierKey': 'EXCELLENT', 'optimalStart': 28200.0, 'optimalEnd': 28200.0}","{'value': 53, 'qualifierKey': 'EXCELLENT', 'optimalStart': 30.0, 'optimalEnd': 64.0, 'idealStartInSeconds': 8424.0, 'idealEndInSeconds': 17971.2}"
2026-05-26,"{'value': 88, 'qualifierKey': 'GOOD'}","{'value': 15, 'qualifierKey': 'FAIR', 'optimalStart': 16.0, 'optimalEnd': 33.0, 'idealStartInSeconds': 4752.0, 'idealEndInSeconds': 9801.0}","{'qualifierKey': 'EXCELLENT', 'optimalStart': 0.0, 'optimalEnd': 1.0}","{'value': 26, 'qualifierKey': 'EXCELLENT', 'optimalStart': 21.0, 'optimalEnd': 31.0, 'idealStartInSeconds': 6237.0, 'idealEndInSeconds': 9207.0}","{'qualifierKey': 'FAIR', 'optimalStart': 0.0, 'optimalEnd': 15.0}","{'qualifierKey': 'EXCELLENT', 'optimalStart': 0.0, 'optimalEnd': 5.0}","{'qualifierKey': 'EXCELLENT', 'optimalStart': 28200.0, 'optimalEnd': 28200.0}","{'value': 59, 'qualifierKey': 'GOOD', 'optimalStart': 30.0, 'optimalEnd': 64.0, 'idealStartInSeconds': 8910.0, 'idealEndInSeconds': 19008.0}"
2026-05-27,"{'value': 93, 'qualifierKey': 'EXCELLENT'}","{'value': 23, 'qualifierKey': 'EXCELLENT', 'optimalStart': 16.0, 'optimalEnd': 33.0, 'idealStartInSeconds': 4627.2, 'idealEndInSeconds': 9543.6}","{'qualifierKey': 'EXCELLENT', 'optimalStart': 0.0, 'optimalEnd': 1.0}","{'value': 37, 'qualifierKey': 'FAIR', 'optimalStart': 21.0, 'optimalEnd': 31.0, 'idealStartInSeconds': 6073.2, 'idealEndInSeconds': 8965.2}","{'qualifierKey': 'EXCELLENT', 'optimalStart': 0.0, 'optimalEnd': 15.0}","{'qualifierKey': 'EXCELLENT', 'optimalStart': 0.0, 'optimalEnd': 5.0}","{'qualifierKey': 'EXCELLENT', 'optimalStart': 28200.0, 'optimalEnd': 28200.0}","{'value': 40, 'qualifierKey': 'EXCELLENT', 'optimalStart': 30.0, 'optimalEnd': 64.0, 'idealStartInSeconds': 8676.0, 'idealEndInSeconds': 18508.8}"
2026-05-28,"{'value': 86, 'qualifierKey': 'GOOD'}","{'value': 21, 'qualifierKey': 'EXCELLENT', 'optimalStart': 16.0, 'optimalEnd': 33.0, 'idealStartInSeconds': 4473.6, 'idealEndInSeconds': 9226.8}","{'qualifierKey': 'FAIR', 'optimalStart': 0.0, 'optimalEnd': 1.0}","{'value': 22, 'qualifierKey': 'GOOD', 'optimalStart': 21.0, 'optimalEnd': 31.0, 'idealStartInSeconds': 5871.6, 'idealEndInSeconds': 8667.6}","{'qualifierKey': 'GOOD', 'optimalStart': 0.0, 'optimalEnd': 15.0}","{'qualifierKey': 'FAIR', 'optimalStart': 0.0, 'optimalEnd': 5.0}","{'qualifierKey': 'EXCELLENT', 'optimalStart': 28200.0, 'optimalEnd': 28200.0}","{'value': 58, 'qualifierKey': 'EXCELLENT', 'optimalStart': 30.0, 'optimalEnd': 64.0, 'idealStartInSeconds': 8388.0, 'idealEndInSeconds': 17894.4}"
2026-05-29,"{'value': 91, 'qualifierKey': 'EXCELLENT'}","{'value': 22, 'qualifierKey': 'EXCELLENT', 'optimalStart': 16.0, 'optimalEnd': 33.0, 'idealStartInSeconds': 4684.8, 'idealEndInSeconds': 9662.4}","{'qualifierKey': 'EXCELLENT', 'optimalStart': 0.0, 'optimalEnd': 1.0}","{'value': 38, 'qualifierKey': 'FAIR', 'optimalStart': 21.0, 'optimalEnd': 31.0, 'idealStartInSeconds': 6148.8, 'idealEndInSeconds': 9076.8}","{'qualifierKey': 'EXCELLENT', 'optimalStart': 0.0, 'optimalEnd': 15.0}","{'qualifierKey': 'EXCELLENT', 'optimalStart': 0.0, 'optimalEnd': 5.0}","{'qualifierKey': 'EXCELLENT', 'optimalStart': 28200.0, 'optimalEnd': 28200.0}","{'value': 41, 'qualifierKey': 'EXCELLENT', 'optimalStart': 30.0, 'optimalEnd': 64.0, 'idealStartInSeconds': 8784.0, 'idealEndInSeconds': 18739.2}"
2026-05-30,"{'value': 83, 'qualifierKey': 'GOOD'}","{'value': 30, 'qualifierKey': 'EXCELLENT', 'optimalStart': 16.0, 'optimalEnd': 33.0, 'idealStartInSeconds': 3657.6, 'idealEndInSeconds': 7543.8}","{'qualifierKey': 'EXCELLENT', 'optimalStart': 0.0, 'optimalEnd': 1.0}","{'value': 29, 'qualifierKey': 'EXCELLENT', 'optimalStart': 21.0, 'optimalEnd': 31.0, 'idealStartInSeconds': 4800.6, 'idealEndInSeconds': 7086.6}","{'qualifierKey': 'EXCELLENT', 'optimalStart': 0.0, 'optimalEnd': 15.0}","{'qualifierKey': 'EXCELLENT', 'optimalStart': 0.0, 'optimalEnd': 5.0}","{'qualifierKey': 'FAIR', 'optimalStart': 28200.0, 'optimalEnd': 28200.0}","{'value': 41, 'qualifierKey': 'EXCELLENT', 'optimalStart': 30.0, 'optimalEnd': 64.0, 'idealStartInSeconds': 6858.0, 'idealEndInSeconds': 14630.4}"
2026-05-31,"{'value': 100, 'qualifierKey': 'EXCELLENT'}","{'value': 27, 'qualifierKey': 'EXCELLENT', 'optimalStart': 16.0, 'optimalEnd': 33.0, 'idealStartInSeconds': 4464.0, 'idealEndInSeconds': 9207.0}","{'qualifierKey': 'EXCELLENT', 'optimalStart': 0.0, 'optimalEnd': 1.0}","{'value': 26, 'qualifierKey': 'EXCELLENT', 'optimalStart': 21.0, 'optimalEnd': 31.0, 'idealStartInSeconds': 5859.0, 'idealEndInSeconds': 8649.0}","{'qualifierKey': 'EXCELLENT', 'optimalStart': 0.0, 'optimalEnd': 15.0}","{'qualifierKey': 'EXCELLENT', 'optimalStart': 0.0, 'optimalEnd': 5.0}","{'qualifierKey': 'EXCELLENT', 'optimalStart': 28200.0, 'optimalEnd': 28200.0}","{'value': 48, 'qualifierKey': 'EXCELLENT', 'optimalStart': 30.0, 'optimalEnd': 64.0, 'idealStartInSeconds': 8370.0, 'idealEndInSeconds': 17856.0}"
2026-06-01,"{'value': 95, 'qualifierKey': 'EXCELLENT'}","{'value': 20, 'qualifierKey': 'EXCELLENT', 'optimalStart': 16.0, 'optimalEnd': 33.0, 'idealStartInSeconds': 4819.2, 'idealEndInSeconds': 9939.6}","{'qualifierKey': 'EXCELLENT', 'optimalStart': 0.0, 'optimalEnd': 1.0}","{'value': 32, 'qualifierKey': 'FAIR', 'optimalStart': 21.0, 'optimalEnd': 31.0, 'idealStartInSeconds': 6325.2, 'idealEndInSeconds': 9337.2}","{'qualifierKey': 'EXCELLENT', 'optimalStart': 0.0, 'optimalEnd': 15.0}","{'qualifierKey': 'EXCELLENT', 'optimalStart': 0.0, 'optimalEnd': 5.0}","{'qualifierKey': 'EXCELLENT', 'optimalStart': 28200.0, 'optimalEnd': 28200.0}","{'value': 48, 'qualifierKey': 'EXCELLENT', 'optimalStart': 30.0, 'optimalEnd': 64.0, 'idealStartInSeconds': 9036.0, 'idealEndInSeconds': 19276.8}"
2026-06-02,"{'value': 82, 'qualifierKey': 'GOOD'}","{'value': 9, 'qualifierKey': 'FAIR', 'optimalStart': 16.0, 'optimalEnd': 33.0, 'idealStartInSeconds': 4214.4, 'idealEndInSeconds': 8692.2}","{'qualifierKey': 'FAIR', 'optimalStart': 0.0, 'optimalEnd': 1.0}","{'value': 24, 'qualifierKey': 'EXCELLENT', 'optimalStart': 21.0, 'optimalEnd': 31.0, 'idealStartInSeconds': 5531.4, 'idealEndInSeconds': 8165.4}","{'qualifierKey': 'GOOD', 'optimalStart': 0.0, 'optimalEnd': 15.0}","{'qualifierKey': 'FAIR', 'optimalStart': 0.0, 'optimalEnd': 5.0}","{'qualifierKey': 'GOOD', 'optimalStart': 28200.0, 'optimalEnd': 28200.0}","{'value': 67, 'qualifierKey': 'FAIR', 'optimalStart': 30.0, 'optimalEnd': 64.0, 'idealStartInSeconds': 7902.0, 'idealEndInSeconds': 16857.6}"
2026-06-03,"{'value': 62, 'qualifierKey': 'FAIR'}","{'value': 17, 'qualifierKey': 'GOOD', 'optimalStart': 16.0, 'optimalEnd': 33.0, 'idealStartInSeconds': 4512.0, 'idealEndInSeconds': 9306.0}","{'qualifierKey': 'POOR', 'optimalStart': 0.0, 'optimalEnd': 1.0}","{'value': 18, 'qualifierKey': 'FAIR', 'optimalStart': 21.0, 'optimalEnd': 31.0, 'idealStartInSeconds': 5922.0, 'idealEndInSeconds': 8742.0}","{'qualifierKey': 'POOR', 'optimalStart': 0.0, 'optimalEnd': 15.0}","{'qualifierKey': 'POOR', 'optimalStart': 0.0, 'optimalEnd': 5.0}","{'qualifierKey': 'EXCELLENT', 'optimalStart': 28200.0, 'optimalEnd': 28200.0}","{'value': 66, 'qualifierKey': 'FAIR', 'optimalStart': 30.0, 'optimalEnd': 64.0, 'idealStartInSeconds': 8460.0, 'idealEndInSeconds': 18048.0}"
2026-06-04,"{'value': 86, 'qualifierKey': 'GOOD'}","{'value': 12, 'qualifierKey': 'FAIR', 'optimalStart': 16.0, 'optimalEnd': 33.0, 'idealStartInSeconds': 5126.4, 'idealEndInSeconds': 10573.2}","{'qualifierKey': 'EXCELLENT', 'optimalStart': 0.0, 'optimalEnd': 1.0}","{'value': 21, 'qualifierKey': 'GOOD', 'optimalStart': 21.0, 'optimalEnd': 31.0, 'idealStartInSeconds': 6728.4, 'idealEndInSeconds': 9932.4}","{'qualifierKey': 'FAIR', 'optimalStart': 0.0, 'optimalEnd': 15.0}","{'qualifierKey': 'EXCELLENT', 'optimalStart': 0.0, 'optimalEnd': 5.0}","{'qualifierKey': 'EXCELLENT', 'optimalStart': 28200.0, 'optimalEnd': 28200.0}","{'value': 67, 'qualifierKey': 'FAIR', 'optimalStart': 30.0, 'optimalEnd': 64.0, 'idealStartInSeconds': 9612.0, 'idealEndInSeconds': 20505.6}"
2026-06-06,"{'value': 85, 'qualifierKey': 'GOOD'}","{'value': 11, 'qualifierKey': 'FAIR', 'optimalStart': 16.0, 'optimalEnd': 33.0, 'idealStartInSeconds': 5443.2, 'idealEndInSeconds': 11226.6}","{'qualifierKey': 'EXCELLENT', 'optimalStart': 0.0, 'optimalEnd': 1.0}","{'value': 22, 'qualifierKey': 'GOOD', 'optimalStart': 21.0, 'optimalEnd': 31.0, 'idealStartInSeconds': 7144.2, 'idealEndInSeconds': 10546.2}","{'qualifierKey': 'FAIR', 'optimalStart': 0.0, 'optimalEnd': 15.0}","{'qualifierKey': 'EXCELLENT', 'optimalStart': 0.0, 'optimalEnd': 5.0}","{'qualifierKey': 'EXCELLENT', 'optimalStart': 28200.0, 'optimalEnd': 28200.0}","{'value': 67, 'qualifierKey': 'FAIR', 'optimalStart': 30.0, 'optimalEnd': 64.0, 'idealStartInSeconds': 10206.0, 'idealEndInSeconds': 21772.8}"
2026-06-07,"{'value': 89, 'qualifierKey': 'GOOD'}","{'value': 22, 'qualifierKey': 'EXCELLENT', 'optimalStart': 16.0, 'optimalEnd': 33.0, 'idealStartInSeconds': 4118.4, 'idealEndInSeconds': 8494.2}","{'qualifierKey': 'EXCELLENT', 'optimalStart': 0.0, 'optimalEnd': 1.0}","{'value': 26, 'qualifierKey': 'EXCELLENT', 'optimalStart': 21.0, 'optimalEnd': 31.0, 'idealStartInSeconds': 5405.4, 'idealEndInSeconds': 7979.4}","{'qualifierKey': 'GOOD', 'optimalStart': 0.0, 'optimalEnd': 15.0}","{'qualifierKey': 'EXCELLENT', 'optimalStart': 0.0, 'optimalEnd': 5.0}","{'qualifierKey': 'GOOD', 'optimalStart': 28200.0, 'optimalEnd': 28200.0}","{'value': 52, 'qualifierKey': 'EXCELLENT', 'optimalStart': 30.0, 'optimalEnd': 64.0, 'idealStartInSeconds': 7722.0, 'idealEndInSeconds': 16473.6}"
2026-06-08,"{'value': 71, 'qualifierKey': 'FAIR'}","{'value': 24, 'qualifierKey': 'EXCELLENT', 'optimalStart': 16.0, 'optimalEnd': 33.0, 'idealStartInSeconds': 3148.8, 'idealEndInSeconds': 6494.4}","{'qualifierKey': 'EXCELLENT', 'optimalStart': 0.0, 'optimalEnd': 1.0}","{'value': 23, 'qualifierKey': 'EXCELLENT', 'optimalStart': 21.0, 'optimalEnd': 31.0, 'idealStartInSeconds': 4132.8, 'idealEndInSeconds': 6100.8}","{'qualifierKey': 'FAIR', 'optimalStart': 0.0, 'optimalEnd': 15.0}","{'qualifierKey': 'EXCELLENT', 'optimalStart': 0.0, 'optimalEnd': 5.0}","{'qualifierKey': 'FAIR', 'optimalStart': 28200.0, 'optimalEnd': 28200.0}","{'value': 53, 'qualifierKey': 'EXCELLENT', 'optimalStart': 30.0, 'optimalEnd': 64.0, 'idealStartInSeconds': 5904.0, 'idealEndInSeconds': 12595.2}"
2026-06-09,"{'value': 55, 'qualifierKey': 'POOR'}","{'value': 32, 'qualifierKey': 'EXCELLENT', 'optimalStart': 16.0, 'optimalEnd': 33.0, 'idealStartInSeconds': 2544.0, 'idealEndInSeconds': 5247.0}","{'qualifierKey': 'EXCELLENT', 'optimalStart': 0.0, 'optimalEnd': 1.0}","{'value': 9, 'qualifierKey': 'POOR', 'optimalStart': 21.0, 'optimalEnd': 31.0, 'idealStartInSeconds': 3339.0, 'idealEndInSeconds': 4929.0}","{'qualifierKey': 'FAIR', 'optimalStart': 0.0, 'optimalEnd': 15.0}","{'qualifierKey': 'EXCELLENT', 'optimalStart': 0.0, 'optimalEnd': 5.0}","{'qualifierKey': 'POOR', 'optimalStart': 28200.0, 'optimalEnd': 28200.0}","{'value': 60, 'qualifierKey': 'GOOD', 'optimalStart': 30.0, 'optimalEnd': 64.0, 'idealStartInSeconds': 4770.0, 'idealEndInSeconds': 10176.0}"
2026-06-10,"{'value': 82, 'qualifierKey': 'GOOD'}","{'value': 16, 'qualifierKey': 'GOOD', 'optimalStart': 16.0, 'optimalEnd': 33.0, 'idealStartInSeconds': 5116.8, 'idealEndInSeconds': 10553.4}","{'qualifierKey': 'FAIR', 'optimalStart': 0.0, 'optimalEnd': 1.0}","{'value': 23, 'qualifierKey': 'EXCELLENT', 'optimalStart': 21.0, 'optimalEnd': 31.0, 'idealStartInSeconds': 6715.8, 'idealEndInSeconds': 9913.8}","{'qualifierKey': 'FAIR', 'optimalStart': 0.0, 'optimalEnd': 15.0}","{'qualifierKey': 'FAIR', 'optimalStart': 0.0, 'optimalEnd': 5.0}","{'qualifierKey': 'EXCELLENT', 'optimalStart': 28200.0, 'optimalEnd': 28200.0}","{'value': 61, 'qualifierKey': 'GOOD', 'optimalStart': 30.0, 'optimalEnd': 64.0, 'idealStartInSeconds': 9594.0, 'idealEndInSeconds': 20467.2}"
2026-06-11,"{'value': 86, 'qualifierKey': 'GOOD'}","{'value': 13, 'qualifierKey': 'FAIR', 'optimalStart': 16.0, 'optimalEnd': 33.0, 'idealStartInSeconds': 4704.0, 'idealEndInSeconds': 9702.0}","{'qualifierKey': 'EXCELLENT', 'optimalStart': 0.0, 'optimalEnd': 1.0}","{'value': 20, 'qualifierKey': 'FAIR', 'optimalStart': 21.0, 'optimalEnd': 31.0, 'idealStartInSeconds': 6174.0, 'idealEndInSeconds': 9114.0}","{'qualifierKey': 'FAIR', 'optimalStart': 0.0, 'optimalEnd': 15.0}","{'qualifierKey': 'EXCELLENT', 'optimalStart': 0.0, 'optimalEnd': 5.0}","{'qualifierKey': 'EXCELLENT', 'optimalStart': 28200.0, 'optimalEnd': 28200.0}","{'value': 67, 'qualifierKey': 'FAIR', 'optimalStart': 30.0, 'optimalEnd': 64.0, 'idealStartInSeconds': 8820.0, 'idealEndInSeconds': 18816.0}"
2026-06-12,"{'value': 90, 'qualifierKey': 'EXCELLENT'}","{'value': 13, 'qualifierKey': 'FAIR', 'optimalStart': 16.0, 'optimalEnd': 33.0, 'idealStartInSeconds': 4675.2, 'idealEndInSeconds': 9642.6}","{'qualifierKey': 'EXCELLENT', 'optimalStart': 0.0, 'optimalEnd': 1.0}","{'value': 31, 'qualifierKey': 'GOOD', 'optimalStart': 21.0, 'optimalEnd': 31.0, 'idealStartInSeconds': 6136.2, 'idealEndInSeconds': 9058.2}","{'qualifierKey': 'GOOD', 'optimalStart': 0.0, 'optimalEnd': 15.0}","{'qualifierKey': 'EXCELLENT', 'optimalStart': 0.0, 'optimalEnd': 5.0}","{'qualifierKey': 'EXCELLENT', 'optimalStart': 28200.0, 'optimalEnd': 28200.0}","{'value': 57, 'qualifierKey': 'EXCELLENT', 'optimalStart': 30.0, 'optimalEnd': 64.0, 'idealStartInSeconds': 8766.0, 'idealEndInSeconds': 18700.8}"
2026-06-13,"{'value': 93, 'qualifierKey': 'EXCELLENT'}","{'value': 24, 'qualifierKey': 'EXCELLENT', 'optimalStart': 16.0, 'optimalEnd': 33.0, 'idealStartInSeconds': 4790.4, 'idealEndInSeconds': 9880.2}","{'qualifierKey': 'FAIR', 'optimalStart': 0.0, 'optimalEnd': 1.0}","{'value': 23, 'qualifierKey': 'EXCELLENT', 'optimalStart': 21.0, 'optimalEnd': 31.0, 'idealStartInSeconds': 6287.4, 'idealEndInSeconds': 9281.4}","{'qualifierKey': 'EXCELLENT', 'optimalStart': 0.0, 'optimalEnd': 15.0}","{'qualifierKey': 'GOOD', 'optimalStart': 0.0, 'optimalEnd': 5.0}","{'qualifierKey': 'EXCELLENT', 'optimalStart': 28200.0, 'optimalEnd': 28200.0}","{'value': 53, 'qualifierKey': 'EXCELLENT', 'optimalStart': 30.0, 'optimalEnd': 64.0, 'idealStartInSeconds': 8982.0, 'idealEndInSeconds': 19161.6}"
2026-06-14,"{'value': 86, 'qualifierKey': 'GOOD'}","{'value': 12, 'qualifierKey': 'FAIR', 'optimalStart': 16.0, 'optimalEnd': 33.0, 'idealStartInSeconds': 5020.8, 'idealEndInSeconds': 10355.4}","{'qualifierKey': 'GOOD', 'optimalStart': 0.0, 'optimalEnd': 1.0}","{'value': 24, 'qualifierKey': 'EXCELLENT', 'optimalStart': 21.0, 'optimalEnd': 31.0, 'idealStartInSeconds': 6589.8, 'idealEndInSeconds': 9727.8}","{'qualifierKey': 'FAIR', 'optimalStart': 0.0, 'optimalEnd': 15.0}","{'qualifierKey': 'GOOD', 'optimalStart': 0.0, 'optimalEnd': 5.0}","{'qualifierKey': 'EXCELLENT', 'optimalStart': 28200.0, 'optimalEnd': 28200.0}","{'value': 64, 'qualifierKey': 'GOOD', 'optimalStart': 30.0, 'optimalEnd': 64.0, 'idealStartInSeconds': 9414.0, 'idealEndInSeconds': 20083.2}"
2026-06-15,"{'value': 84, 'qualifierKey': 'GOOD'}","{'value': 17, 'qualifierKey': 'GOOD', 'optimalStart': 16.0, 'optimalEnd': 33.0, 'idealStartInSeconds': 4684.8, 'idealEndInSeconds': 9662.4}","{'qualifierKey': 'FAIR', 'optimalStart': 0.0, 'optimalEnd': 1.0}","{'value': 23, 'qualifierKey': 'EXCELLENT', 'optimalStart': 21.0, 'optimalEnd': 31.0, 'idealStartInSeconds': 6148.8, 'idealEndInSeconds': 9076.8}","{'qualifierKey': 'FAIR', 'optimalStart': 0.0, 'optimalEnd': 15.0}","{'qualifierKey': 'GOOD', 'optimalStart': 0.0, 'optimalEnd': 5.0}","{'qualifierKey': 'EXCELLENT', 'optimalStart': 28200.0, 'optimalEnd': 28200.0}","{'value': 61, 'qualifierKey': 'GOOD', 'optimalStart': 30.0, 'optimalEnd': 64.0, 'idealStartInSeconds': 8784.0, 'idealEndInSeconds': 18739.2}"
2026-06-16,"{'value': 96, 'qualifierKey': 'EXCELLENT'}","{'value': 26, 'qualifierKey': 'EXCELLENT', 'optimalStart': 16.0, 'optimalEnd': 33.0, 'idealStartInSeconds': 4771.2, 'idealEndInSeconds': 9840.6}","{'qualifierKey': 'EXCELLENT', 'optimalStart': 0.0, 'optimalEnd': 1.0}","{'value': 25, 'qualifierKey': 'EXCELLENT', 'optimalStart': 21.0, 'optimalEnd': 31.0, 'idealStartInSeconds': 6262.2, 'idealEndInSeconds': 9244.2}","{'qualifierKey': 'EXCELLENT', 'optimalStart': 0.0, 'optimalEnd': 15.0}","{'qualifierKey': 'EXCELLENT', 'optimalStart': 0.0, 'optimalEnd': 5.0}","{'qualifierKey': 'EXCELLENT', 'optimalStart': 28200.0, 'optimalEnd': 28200.0}","{'value': 48, 'qualifierKey': 'EXCELLENT', 'optimalStart': 30.0, 'optimalEnd': 64.0, 'idealStartInSeconds': 8946.0, 'idealEndInSeconds': 19084.8}"
2026-06-17,"{'value': 81, 'qualifierKey': 'GOOD'}","{'value': 14, 'qualifierKey': 'FAIR', 'optimalStart': 16.0, 'optimalEnd': 33.0, 'idealStartInSeconds': 4252.8, 'idealEndInSeconds': 8771.4}","{'qualifierKey': 'FAIR', 'optimalStart': 0.0, 'optimalEnd': 1.0}","{'value': 22, 'qualifierKey': 'GOOD', 'optimalStart': 21.0, 'optimalEnd': 31.0, 'idealStartInSeconds': 5581.8, 'idealEndInSeconds': 8239.8}","{'qualifierKey': 'FAIR', 'optimalStart': 0.0, 'optimalEnd': 15.0}","{'qualifierKey': 'GOOD', 'optimalStart': 0.0, 'optimalEnd': 5.0}","{'qualifierKey': 'EXCELLENT', 'optimalStart': 28200.0, 'optimalEnd': 28200.0}","{'value': 64, 'qualifierKey': 'GOOD', 'optimalStart': 30.0, 'optimalEnd': 64.0, 'idealStartInSeconds': 7974.0, 'idealEndInSeconds': 17011.2}"
2026-06-18,"{'value': 75, 'qualifierKey': 'FAIR'}","{'value': 17, 'qualifierKey': 'GOOD', 'optimalStart': 16.0, 'optimalEnd': 33.0, 'idealStartInSeconds': 5068.8, 'idealEndInSeconds': 10454.4}","{'qualifierKey': 'POOR', 'optimalStart': 0.0, 'optimalEnd': 1.0}","{'value': 22, 'qualifierKey': 'GOOD', 'optimalStart': 21.0, 'optimalEnd': 31.0, 'idealStartInSeconds': 6652.8, 'idealEndInSeconds': 9820.8}","{'qualifierKey': 'GOOD', 'optimalStart': 0.0, 'optimalEnd': 15.0}","{'qualifierKey': 'POOR', 'optimalStart': 0.0, 'optimalEnd': 5.0}","{'qualifierKey': 'EXCELLENT', 'optimalStart': 28200.0, 'optimalEnd': 28200.0}","{'value': 61, 'qualifierKey': 'GOOD', 'optimalStart': 30.0, 'optimalEnd': 64.0, 'idealStartInSeconds': 9504.0, 'idealEndInSeconds': 20275.2}"
2026-06-19,"{'value': 94, 'qualifierKey': 'EXCELLENT'}","{'value': 22, 'qualifierKey': 'EXCELLENT', 'optimalStart': 16.0, 'optimalEnd': 33.0, 'idealStartInSeconds': 5270.4, 'idealEndInSeconds': 10870.2}","{'qualifierKey': 'EXCELLENT', 'optimalStart': 0.0, 'optimalEnd': 1.0}","{'value': 21, 'qualifierKey': 'GOOD', 'optimalStart': 21.0, 'optimalEnd': 31.0, 'idealStartInSeconds': 6917.4, 'idealEndInSeconds': 10211.4}","{'qualifierKey': 'EXCELLENT', 'optimalStart': 0.0, 'optimalEnd': 15.0}","{'qualifierKey': 'EXCELLENT', 'optimalStart': 0.0, 'optimalEnd': 5.0}","{'qualifierKey': 'EXCELLENT', 'optimalStart': 28200.0, 'optimalEnd': 28200.0}","{'value': 56, 'qualifierKey': 'EXCELLENT', 'optimalStart': 30.0, 'optimalEnd': 64.0, 'idealStartInSeconds': 9882.0, 'idealEndInSeconds': 21081.6}"
2026-06-20,"{'value': 86, 'qualifierKey': 'GOOD'}","{'value': 31, 'qualifierKey': 'EXCELLENT', 'optimalStart': 16.0, 'optimalEnd': 33.0, 'idealStartInSeconds': 4128.0, 'idealEndInSeconds': 8514.0}","{'qualifierKey': 'EXCELLENT', 'optimalStart': 0.0, 'optimalEnd': 1.0}","{'value': 30, 'qualifierKey': 'EXCELLENT', 'optimalStart': 21.0, 'optimalEnd': 31.0, 'idealStartInSeconds': 5418.0, 'idealEndInSeconds': 7998.0}","{'qualifierKey': 'FAIR', 'optimalStart': 0.0, 'optimalEnd': 15.0}","{'qualifierKey': 'EXCELLENT', 'optimalStart': 0.0, 'optimalEnd': 5.0}","{'qualifierKey': 'GOOD', 'optimalStart': 28200.0, 'optimalEnd': 28200.0}","{'value': 39, 'qualifierKey': 'EXCELLENT', 'optimalStart': 30.0, 'optimalEnd': 64.0, 'idealStartInSeconds': 7740.0, 'idealEndInSeconds': 16512.0}"
2026-06-21,"{'value': 83, 'qualifierKey': 'GOOD'}","{'value': 11, 'qualifierKey': 'FAIR', 'optimalStart': 16.0, 'optimalEnd': 33.0, 'idealStartInSeconds': 4742.4, 'idealEndInSeconds': 9781.2}","{'qualifierKey': 'EXCELLENT', 'optimalStart': 0.0, 'optimalEnd': 1.0}","{'value': 30, 'qualifierKey': 'GOOD', 'optimalStart': 21.0, 'optimalEnd': 31.0, 'idealStartInSeconds': 6224.4, 'idealEndInSeconds': 9188.4}","{'qualifierKey': 'FAIR', 'optimalStart': 0.0, 'optimalEnd': 15.0}","{'qualifierKey': 'EXCELLENT', 'optimalStart': 0.0, 'optimalEnd': 5.0}","{'qualifierKey': 'EXCELLENT', 'optimalStart': 28200.0, 'optimalEnd': 28200.0}","{'value': 59, 'qualifierKey': 'EXCELLENT', 'optimalStart': 30.0, 'optimalEnd': 64.0, 'idealStartInSeconds': 8892.0, 'idealEndInSeconds': 18969.6}"
2026-06-22,"{'value': 77, 'qualifierKey': 'FAIR'}","{'value': 20, 'qualifierKey': 'EXCELLENT', 'optimalStart': 16.0, 'optimalEnd': 33.0, 'idealStartInSeconds': 3845.28, 'idealEndInSeconds': 7930.89}","{'qualifierKey': 'EXCELLENT', 'optimalStart': 0.0, 'optimalEnd': 1.0}","{'value': 21, 'qualifierKey': 'GOOD', 'optimalStart': 21.0, 'optimalEnd': 31.0, 'idealStartInSeconds': 5046.93, 'idealEndInSeconds': 7450.23}","{'qualifierKey': 'FAIR', 'optimalStart': 0.0, 'optimalEnd': 15.0}","{'qualifierKey': 'EXCELLENT', 'optimalStart': 0.0, 'optimalEnd': 5.0}","{'qualifierKey': 'FAIR', 'optimalStart': 28200.0, 'optimalEnd': 28200.0}","{'value': 59, 'qualifierKey': 'GOOD', 'optimalStart': 30.0, 'optimalEnd': 64.0, 'idealStartInSeconds': 7209.9, 'idealEndInSeconds': 15381.12}"
2026-06-23,"{'value': 89, 'qualifierKey': 'GOOD'}","{'value': 18, 'qualifierKey': 'EXCELLENT', 'optimalStart': 16.0, 'optimalEnd': 33.0, 'idealStartInSeconds': 5049.6, 'idealEndInSeconds': 10414.8}","{'qualifierKey': 'EXCELLENT', 'optimalStart': 0.0, 'optimalEnd': 1.0}","{'value': 29, 'qualifierKey': 'EXCELLENT', 'optimalStart': 21.0, 'optimalEnd': 31.0, 'idealStartInSeconds': 6627.6, 'idealEndInSeconds': 9783.6}","{'qualifierKey': 'FAIR', 'optimalStart': 0.0, 'optimalEnd': 15.0}","{'qualifierKey': 'EXCELLENT', 'optimalStart': 0.0, 'optimalEnd': 5.0}","{'qualifierKey': 'EXCELLENT', 'optimalStart': 28200.0, 'optimalEnd': 28200.0}","{'value': 53, 'qualifierKey': 'EXCELLENT', 'optimalStart': 30.0, 'optimalEnd': 64.0, 'idealStartInSeconds': 9468.0, 'idealEndInSeconds': 20198.4}"
2026-06-24,"{'value': 83, 'qualifierKey': 'GOOD'}","{'value': 26, 'qualifierKey': 'EXCELLENT', 'optimalStart': 16.0, 'optimalEnd': 33.0, 'idealStartInSeconds': 4118.4, 'idealEndInSeconds': 8494.2}","{'qualifierKey': 'GOOD', 'optimalStart': 0.0, 'optimalEnd': 1.0}","{'value': 21, 'qualifierKey': 'GOOD', 'optimalStart': 21.0, 'optimalEnd': 31.0, 'idealStartInSeconds': 5405.4, 'idealEndInSeconds': 7979.4}","{'qualifierKey': 'FAIR', 'optimalStart': 0.0, 'optimalEnd': 15.0}","{'qualifierKey': 'EXCELLENT', 'optimalStart': 0.0, 'optimalEnd': 5.0}","{'qualifierKey': 'GOOD', 'optimalStart': 28200.0, 'optimalEnd': 28200.0}","{'value': 54, 'qualifierKey': 'EXCELLENT', 'optimalStart': 30.0, 'optimalEnd': 64.0, 'idealStartInSeconds': 7722.0, 'idealEndInSeconds': 16473.6}"
2026-06-25,"{'value': 95, 'qualifierKey': 'EXCELLENT'}","{'value': 21, 'qualifierKey': 'EXCELLENT', 'optimalStart': 16.0, 'optimalEnd': 33.0, 'idealStartInSeconds': 4310.4, 'idealEndInSeconds': 8890.2}","{'qualifierKey': 'GOOD', 'optimalStart': 0.0, 'optimalEnd': 1.0}","{'value': 29, 'qualifierKey': 'EXCELLENT', 'optimalStart': 21.0, 'optimalEnd': 31.0, 'idealStartInSeconds': 5657.4, 'idealEndInSeconds': 8351.4}","{'qualifierKey': 'EXCELLENT', 'optimalStart': 0.0, 'optimalEnd': 15.0}","{'qualifierKey': 'GOOD', 'optimalStart': 0.0, 'optimalEnd': 5.0}","{'qualifierKey': 'EXCELLENT', 'optimalStart': 28200.0, 'optimalEnd': 28200.0}","{'value': 50, 'qualifierKey': 'EXCELLENT', 'optimalStart': 30.0, 'optimalEnd': 64.0, 'idealStartInSeconds': 8082.0, 'idealEndInSeconds': 17241.6}"
2026-06-26,"{'value': 77, 'qualifierKey': 'FAIR'}","{'value': 18, 'qualifierKey': 'EXCELLENT', 'optimalStart': 16.0, 'optimalEnd': 33.0, 'idealStartInSeconds': 3628.8, 'idealEndInSeconds': 7484.4}","{'qualifierKey': 'EXCELLENT', 'optimalStart': 0.0, 'optimalEnd': 1.0}","{'value': 31, 'qualifierKey': 'GOOD', 'optimalStart': 21.0, 'optimalEnd': 31.0, 'idealStartInSeconds': 4762.8, 'idealEndInSeconds': 7030.8}","{'qualifierKey': 'FAIR', 'optimalStart': 0.0, 'optimalEnd': 15.0}","{'qualifierKey': 'EXCELLENT', 'optimalStart': 0.0, 'optimalEnd': 5.0}","{'qualifierKey': 'FAIR', 'optimalStart': 28200.0, 'optimalEnd': 28200.0}","{'value': 51, 'qualifierKey': 'EXCELLENT', 'optimalStart': 30.0, 'optimalEnd': 64.0, 'idealStartInSeconds': 6804.0, 'idealEndInSeconds': 14515.2}"
2026-06-27,"{'value': 85, 'qualifierKey': 'GOOD'}","{'value': 25, 'qualifierKey': 'EXCELLENT', 'optimalStart': 16.0, 'optimalEnd': 33.0, 'idealStartInSeconds': 5001.6, 'idealEndInSeconds': 10315.8}","{'qualifierKey': 'FAIR', 'optimalStart': 0.0, 'optimalEnd': 1.0}","{'value': 23, 'qualifierKey': 'EXCELLENT', 'optimalStart': 21.0, 'optimalEnd': 31.0, 'idealStartInSeconds': 6564.6, 'idealEndInSeconds': 9690.6}","{'qualifierKey': 'FAIR', 'optimalStart': 0.0, 'optimalEnd': 15.0}","{'qualifierKey': 'FAIR', 'optimalStart': 0.0, 'optimalEnd': 5.0}","{'qualifierKey': 'EXCELLENT', 'optimalStart': 28200.0, 'optimalEnd': 28200.0}","{'value': 52, 'qualifierKey': 'EXCELLENT', 'optimalStart': 30.0, 'optimalEnd': 64.0, 'idealStartInSeconds': 9378.0, 'idealEndInSeconds': 20006.4}"
2026-06-28,"{'value': 79, 'qualifierKey': 'FAIR'}","{'value': 7, 'qualifierKey': 'FAIR', 'optimalStart': 16.0, 'optimalEnd': 33.0, 'idealStartInSeconds': 4608.0, 'idealEndInSeconds': 9504.0}","{'qualifierKey': 'FAIR', 'optimalStart': 0.0, 'optimalEnd': 1.0}","{'value': 19, 'qualifierKey': 'FAIR', 'optimalStart': 21.0, 'optimalEnd': 31.0, 'idealStartInSeconds': 6048.0, 'idealEndInSeconds': 8928.0}","{'qualifierKey': 'FAIR', 'optimalStart': 0.0, 'optimalEnd': 15.0}","{'qualifierKey': 'GOOD', 'optimalStart': 0.0, 'optimalEnd': 5.0}","{'qualifierKey': 'EXCELLENT', 'optimalStart': 28200.0, 'optimalEnd': 28200.0}","{'value': 74, 'qualifierKey': 'FAIR', 'optimalStart': 30.0, 'optimalEnd': 64.0, 'idealStartInSeconds': 8640.0, 'idealEndInSeconds': 18432.0}"
2026-06-29,"{'value': 78, 'qualifierKey': 'FAIR'}","{'value': 18, 'qualifierKey': 'EXCELLENT', 'optimalStart': 16.0, 'optimalEnd': 33.0, 'idealStartInSeconds': 3667.2, 'idealEndInSeconds': 7563.6}","{'qualifierKey': 'EXCELLENT', 'optimalStart': 0.0, 'optimalEnd': 1.0}","{'value': 16, 'qualifierKey': 'FAIR', 'optimalStart': 21.0, 'optimalEnd': 31.0, 'idealStartInSeconds': 4813.2, 'idealEndInSeconds': 7105.2}","{'qualifierKey': 'EXCELLENT', 'optimalStart': 0.0, 'optimalEnd': 15.0}","{'qualifierKey': 'GOOD', 'optimalStart': 0.0, 'optimalEnd': 5.0}","{'qualifierKey': 'FAIR', 'optimalStart': 28200.0, 'optimalEnd': 28200.0}","{'value': 66, 'qualifierKey': 'FAIR', 'optimalStart': 30.0, 'optimalEnd': 64.0, 'idealStartInSeconds': 6876.0, 'idealEndInSeconds': 14668.8}"
2026-06-30,"{'value': 99, 'qualifierKey': 'EXCELLENT'}","{'value': 22, 'qualifierKey': 'EXCELLENT', 'optimalStart': 16.0, 'optimalEnd': 33.0, 'idealStartInSeconds': 4617.6, 'idealEndInSeconds': 9523.8}","{'qualifierKey': 'EXCELLENT', 'optimalStart': 0.0, 'optimalEnd': 1.0}","{'value': 25, 'qualifierKey': 'EXCELLENT', 'optimalStart': 21.0, 'optimalEnd': 31.0, 'idealStartInSeconds': 6060.6, 'idealEndInSeconds': 8946.6}","{'qualifierKey': 'EXCELLENT', 'optimalStart': 0.0, 'optimalEnd': 15.0}","{'qualifierKey': 'EXCELLENT', 'optimalStart': 0.0, 'optimalEnd': 5.0}","{'qualifierKey': 'EXCELLENT', 'optimalStart': 28200.0, 'optimalEnd': 28200.0}","{'value': 53, 'qualifierKey': 'EXCELLENT', 'optimalStart': 30.0, 'optimalEnd': 64.0, 'idealStartInSeconds': 8658.0, 'idealEndInSeconds': 18470.4}"
2026-07-01,"{'value': 77, 'qualifierKey': 'FAIR'}","{'value': 33, 'qualifierKey': 'EXCELLENT', 'optimalStart': 16.0, 'optimalEnd': 33.0, 'idealStartInSeconds': 3494.4, 'idealEndInSeconds': 7207.2}","{'qualifierKey': 'EXCELLENT', 'optimalStart': 0.0, 'optimalEnd': 1.0}","{'value': 17, 'qualifierKey': 'FAIR', 'optimalStart': 21.0, 'optimalEnd': 31.0, 'idealStartInSeconds': 4586.4, 'idealEndInSeconds': 6770.4}","{'qualifierKey': 'EXCELLENT', 'optimalStart': 0.0, 'optimalEnd': 15.0}","{'qualifierKey': 'EXCELLENT', 'optimalStart': 0.0, 'optimalEnd': 5.0}","{'qualifierKey': 'FAIR', 'optimalStart': 28200.0, 'optimalEnd': 28200.0}","{'value': 50, 'qualifierKey': 'EXCELLENT', 'optimalStart': 30.0, 'optimalEnd': 64.0, 'idealStartInSeconds': 6552.0, 'idealEndInSeconds': 13977.6}"
2026-07-02,"{'value': 89, 'qualifierKey': 'GOOD'}","{'value': 20, 'qualifierKey': 'EXCELLENT', 'optimalStart': 16.0, 'optimalEnd': 33.0, 'idealStartInSeconds': 4416.0, 'idealEndInSeconds': 9108.0}","{'qualifierKey': 'GOOD', 'optimalStart': 0.0, 'optimalEnd': 1.0}","{'value': 27, 'qualifierKey': 'EXCELLENT', 'optimalStart': 21.0, 'optimalEnd': 31.0, 'idealStartInSeconds': 5796.0, 'idealEndInSeconds': 8556.0}","{'qualifierKey': 'FAIR', 'optimalStart': 0.0, 'optimalEnd': 15.0}","{'qualifierKey': 'GOOD', 'optimalStart': 0.0, 'optimalEnd': 5.0}","{'qualifierKey': 'EXCELLENT', 'optimalStart': 28200.0, 'optimalEnd': 28200.0}","{'value': 52, 'qualifierKey': 'EXCELLENT', 'optimalStart': 30.0, 'optimalEnd': 64.0, 'idealStartInSeconds': 8280.0, 'idealEndInSeconds': 17664.0}"
2026-07-03,"{'value': 75, 'qualifierKey': 'FAIR'}","{'value': 17, 'qualifierKey': 'GOOD', 'optimalStart': 16.0, 'optimalEnd': 33.0, 'idealStartInSeconds': 3657.6, 'idealEndInSeconds': 7543.8}","{'qualifierKey': 'EXCELLENT', 'optimalStart': 0.0, 'optimalEnd': 1.0}","{'value': 20, 'qualifierKey': 'FAIR', 'optimalStart': 21.0, 'optimalEnd': 31.0, 'idealStartInSeconds': 4800.6, 'idealEndInSeconds': 7086.6}","{'qualifierKey': 'FAIR', 'optimalStart': 0.0, 'optimalEnd': 15.0}","{'qualifierKey': 'EXCELLENT', 'optimalStart': 0.0, 'optimalEnd': 5.0}","{'qualifierKey': 'FAIR', 'optimalStart': 28200.0, 'optimalEnd': 28200.0}","{'value': 63, 'qualifierKey': 'GOOD', 'optimalStart': 30.0, 'optimalEnd': 64.0, 'idealStartInSeconds': 6858.0, 'idealEndInSeconds': 14630.4}"
2026-07-04,"{'value': 94, 'qualifierKey': 'EXCELLENT'}","{'value': 26, 'qualifierKey': 'EXCELLENT', 'optimalStart': 16.0, 'optimalEnd': 33.0, 'idealStartInSeconds': 4502.4, 'idealEndInSeconds': 9286.2}","{'qualifierKey': 'EXCELLENT', 'optimalStart': 0.0, 'optimalEnd': 1.0}","{'value': 30, 'qualifierKey': 'GOOD', 'optimalStart': 21.0, 'optimalEnd': 31.0, 'idealStartInSeconds': 5909.4, 'idealEndInSeconds': 8723.4}","{'qualifierKey': 'GOOD', 'optimalStart': 0.0, 'optimalEnd': 15.0}","{'qualifierKey': 'EXCELLENT', 'optimalStart': 0.0, 'optimalEnd': 5.0}","{'qualifierKey': 'EXCELLENT', 'optimalStart': 28200.0, 'optimalEnd': 28200.0}","{'value': 44, 'qualifierKey': 'EXCELLENT', 'optimalStart': 30.0, 'optimalEnd': 64.0, 'idealStartInSeconds': 8442.0, 'idealEndInSeconds': 18009.6}"
2026-07-05,"{'value': 100, 'qualifierKey': 'EXCELLENT'}","{'value': 32, 'qualifierKey': 'EXCELLENT', 'optimalStart': 16.0, 'optimalEnd': 33.0, 'idealStartInSeconds': 4694.4, 'idealEndInSeconds': 9682.2}","{'qualifierKey': 'EXCELLENT', 'optimalStart': 0.0, 'optimalEnd': 1.0}","{'value': 25, 'qualifierKey': 'EXCELLENT', 'optimalStart': 21.0, 'optimalEnd': 31.0, 'idealStartInSeconds': 6161.4, 'idealEndInSeconds': 9095.4}","{'qualifierKey': 'EXCELLENT', 'optimalStart': 0.0, 'optimalEnd': 15.0}","{'qualifierKey': 'EXCELLENT', 'optimalStart': 0.0, 'optimalEnd': 5.0}","{'qualifierKey': 'EXCELLENT', 'optimalStart': 28200.0, 'optimalEnd': 28200.0}","{'value': 43, 'qualifierKey': 'EXCELLENT', 'optimalStart': 30.0, 'optimalEnd': 64.0, 'idealStartInSeconds': 8802.0, 'idealEndInSeconds': 18777.6}"
2026-07-06,"{'value': 92, 'qualifierKey': 'EXCELLENT'}","{'value': 31, 'qualifierKey': 'EXCELLENT', 'optimalStart': 16.0, 'optimalEnd': 33.0, 'idealStartInSeconds': 4166.4, 'idealEndInSeconds': 8593.2}","{'qualifierKey': 'EXCELLENT', 'optimalStart': 0.0, 'optimalEnd': 1.0}","{'value': 27, 'qualifierKey': 'EXCELLENT', 'optimalStart': 21.0, 'optimalEnd': 31.0, 'idealStartInSeconds': 5468.4, 'idealEndInSeconds': 8072.4}","{'qualifierKey': 'EXCELLENT', 'optimalStart': 0.0, 'optimalEnd': 15.0}","{'qualifierKey': 'EXCELLENT', 'optimalStart': 0.0, 'optimalEnd': 5.0}","{'qualifierKey': 'GOOD', 'optimalStart': 28200.0, 'optimalEnd': 28200.0}","{'value': 42, 'qualifierKey': 'EXCELLENT', 'optimalStart': 30.0, 'optimalEnd': 64.0, 'idealStartInSeconds': 7812.0, 'idealEndInSeconds': 16665.6}"
2026-07-07,"{'value': 80, 'qualifierKey': 'GOOD'}","{'value': 27, 'qualifierKey': 'EXCELLENT', 'optimalStart': 16.0, 'optimalEnd': 33.0, 'idealStartInSeconds': 3775.68, 'idealEndInSeconds': 7787.34}","{'qualifierKey': 'EXCELLENT', 'optimalStart': 0.0, 'optimalEnd': 1.0}","{'value': 22, 'qualifierKey': 'GOOD', 'optimalStart': 21.0, 'optimalEnd': 31.0, 'idealStartInSeconds': 4955.58, 'idealEndInSeconds': 7315.38}","{'qualifierKey': 'FAIR', 'optimalStart': 0.0, 'optimalEnd': 15.0}","{'qualifierKey': 'EXCELLENT', 'optimalStart': 0.0, 'optimalEnd': 5.0}","{'qualifierKey': 'FAIR', 'optimalStart': 28200.0, 'optimalEnd': 28200.0}","{'value': 52, 'qualifierKey': 'EXCELLENT', 'optimalStart': 30.0, 'optimalEnd': 64.0, 'idealStartInSeconds': 7079.4, 'idealEndInSeconds': 15102.72}"
2026-07-08,"{'value': 93, 'qualifierKey': 'EXCELLENT'}","{'value': 16, 'qualifierKey': 'GOOD', 'optimalStart': 16.0, 'optimalEnd': 33.0, 'idealStartInSeconds': 4598.4, 'idealEndInSeconds': 9484.2}","{'qualifierKey': 'GOOD', 'optimalStart': 0.0, 'optimalEnd': 1.0}","{'value': 29, 'qualifierKey': 'EXCELLENT', 'optimalStart': 21.0, 'optimalEnd': 31.0, 'idealStartInSeconds': 6035.4, 'idealEndInSeconds': 8909.4}","{'qualifierKey': 'EXCELLENT', 'optimalStart': 0.0, 'optimalEnd': 15.0}","{'qualifierKey': 'GOOD', 'optimalStart': 0.0, 'optimalEnd': 5.0}","{'qualifierKey': 'EXCELLENT', 'optimalStart': 28200.0, 'optimalEnd': 28200.0}","{'value': 54, 'qualifierKey': 'EXCELLENT', 'optimalStart': 30.0, 'optimalEnd': 64.0, 'idealStartInSeconds': 8622.0, 'idealEndInSeconds': 18393.6}"
2026-07-09,"{'value': 83, 'qualifierKey': 'GOOD'}","{'value': 40, 'qualifierKey': 'EXCELLENT', 'optimalStart': 16.0, 'optimalEnd': 33.0, 'idealStartInSeconds': 3657.6, 'idealEndInSeconds': 7543.8}","{'qualifierKey': 'EXCELLENT', 'optimalStart': 0.0, 'optimalEnd': 1.0}","{'value': 24, 'qualifierKey': 'EXCELLENT', 'optimalStart': 21.0, 'optimalEnd': 31.0, 'idealStartInSeconds': 4800.6, 'idealEndInSeconds': 7086.6}","{'qualifierKey': 'EXCELLENT', 'optimalStart': 0.0, 'optimalEnd': 15.0}","{'qualifierKey': 'EXCELLENT', 'optimalStart': 0.0, 'optimalEnd': 5.0}","{'qualifierKey': 'FAIR', 'optimalStart': 28200.0, 'optimalEnd': 28200.0}","{'value': 36, 'qualifierKey': 'GOOD', 'optimalStart': 30.0, 'optimalEnd': 64.0, 'idealStartInSeconds': 6858.0, 'idealEndInSeconds': 14630.4}"
2026-07-10,"{'value': 90, 'qualifierKey': 'EXCELLENT'}","{'value': 19, 'qualifierKey': 'EXCELLENT', 'optimalStart': 16.0, 'optimalEnd': 33.0, 'idealStartInSeconds': 4195.2, 'idealEndInSeconds': 8652.6}","{'qualifierKey': 'GOOD', 'optimalStart': 0.0, 'optimalEnd': 1.0}","{'value': 23, 'qualifierKey': 'EXCELLENT', 'optimalStart': 21.0, 'optimalEnd': 31.0, 'idealStartInSeconds': 5506.2, 'idealEndInSeconds': 8128.2}","{'qualifierKey': 'EXCELLENT', 'optimalStart': 0.0, 'optimalEnd': 15.0}","{'qualifierKey': 'EXCELLENT', 'optimalStart': 0.0, 'optimalEnd': 5.0}","{'qualifierKey': 'GOOD', 'optimalStart': 28200.0, 'optimalEnd': 28200.0}","{'value': 58, 'qualifierKey': 'EXCELLENT', 'optimalStart': 30.0, 'optimalEnd': 64.0, 'idealStartInSeconds': 7866.0, 'idealEndInSeconds': 16780.8}"
2026-07-11,"{'value': 68, 'qualifierKey': 'FAIR'}","{'value': 9, 'qualifierKey': 'FAIR', 'optimalStart': 16.0, 'optimalEnd': 33.0, 'idealStartInSeconds': 3235.2, 'idealEndInSeconds': 6672.6}","{'qualifierKey': 'EXCELLENT', 'optimalStart': 0.0, 'optimalEnd': 1.0}","{'value': 22, 'qualifierKey': 'GOOD', 'optimalStart': 21.0, 'optimalEnd': 31.0, 'idealStartInSeconds': 4246.2, 'idealEndInSeconds': 6268.2}","{'qualifierKey': 'FAIR', 'optimalStart': 0.0, 'optimalEnd': 15.0}","{'qualifierKey': 'EXCELLENT', 'optimalStart': 0.0, 'optimalEnd': 5.0}","{'qualifierKey': 'FAIR', 'optimalStart': 28200.0, 'optimalEnd': 28200.0}","{'value': 69, 'qualifierKey': 'FAIR', 'optimalStart': 30.0, 'optimalEnd': 64.0, 'idealStartInSeconds': 6066.0, 'idealEndInSeconds': 12940.8}"
2026-07-12,"{'value': 89, 'qualifierKey': 'GOOD'}","{'value': 20, 'qualifierKey': 'EXCELLENT', 'optimalStart': 16.0, 'optimalEnd': 33.0, 'idealStartInSeconds': 4473.6, 'idealEndInSeconds': 9226.8}","{'qualifierKey': 'EXCELLENT', 'optimalStart': 0.0, 'optimalEnd': 1.0}","{'value': 26, 'qualifierKey': 'EXCELLENT', 'optimalStart': 21.0, 'optimalEnd': 31.0, 'idealStartInSeconds': 5871.6, 'idealEndInSeconds': 8667.6}","{'qualifierKey': 'FAIR', 'optimalStart': 0.0, 'optimalEnd': 15.0}","{'qualifierKey': 'EXCELLENT', 'optimalStart': 0.0, 'optimalEnd': 5.0}","{'qualifierKey': 'EXCELLENT', 'optimalStart': 28200.0, 'optimalEnd': 28200.0}","{'value': 54, 'qualifierKey': 'EXCELLENT', 'optimalStart': 30.0, 'optimalEnd': 64.0, 'idealStartInSeconds': 8388.0, 'idealEndInSeconds': 17894.4}"
2026-07-13,"{'value': 81, 'qualifierKey': 'GOOD'}","{'value': 24, 'qualifierKey': 'EXCELLENT', 'optimalStart': 16.0, 'optimalEnd': 33.0, 'idealStartInSeconds': 3905.12, 'idealEndInSeconds': 8054.31}","{'qualifierKey': 'EXCELLENT', 'optimalStart': 0.0, 'optimalEnd': 1.0}","{'value': 27, 'qualifierKey': 'EXCELLENT', 'optimalStart': 21.0, 'optimalEnd': 31.0, 'idealStartInSeconds': 5125.47, 'idealEndInSeconds': 7566.17}","{'qualifierKey': 'FAIR', 'optimalStart': 0.0, 'optimalEnd': 15.0}","{'qualifierKey': 'EXCELLENT', 'optimalStart': 0.0, 'optimalEnd': 5.0}","{'qualifierKey': 'FAIR', 'optimalStart': 28200.0, 'optimalEnd': 28200.0}","{'value': 49, 'qualifierKey': 'EXCELLENT', 'optimalStart': 30.0, 'optimalEnd': 64.0, 'idealStartInSeconds': 7322.1, 'idealEndInSeconds': 15620.48}"
2026-07-14,"{'value': 94, 'qualifierKey': 'EXCELLENT'}","{'value': 29, 'qualifierKey': 'EXCELLENT', 'optimalStart': 16.0, 'optimalEnd': 33.0, 'idealStartInSeconds': 4300.8, 'idealEndInSeconds': 8870.4}","{'qualifierKey': 'EXCELLENT', 'optimalStart': 0.0, 'optimalEnd': 1.0}","{'value': 25, 'qualifierKey': 'EXCELLENT', 'optimalStart': 21.0, 'optimalEnd': 31.0, 'idealStartInSeconds': 5644.8, 'idealEndInSeconds': 8332.8}","{'qualifierKey': 'EXCELLENT', 'optimalStart': 0.0, 'optimalEnd': 15.0}","{'qualifierKey': 'EXCELLENT', 'optimalStart': 0.0, 'optimalEnd': 5.0}","{'qualifierKey': 'EXCELLENT', 'optimalStart': 28200.0, 'optimalEnd': 28200.0}","{'value': 46, 'qualifierKey': 'EXCELLENT', 'optimalStart': 30.0, 'optimalEnd': 64.0, 'idealStartInSeconds': 8064.0, 'idealEndInSeconds': 17203.2}"
2026-07-15,"{'value': 77, 'qualifierKey': 'FAIR'}","{'value': 30, 'qualifierKey': 'EXCELLENT', 'optimalStart': 16.0, 'optimalEnd': 33.0, 'idealStartInSeconds': 3840.0, 'idealEndInSeconds': 7920.0}","{'qualifierKey': 'FAIR', 'optimalStart': 0.0, 'optimalEnd': 1.0}","{'value': 21, 'qualifierKey': 'GOOD', 'optimalStart': 21.0, 'optimalEnd': 31.0, 'idealStartInSeconds': 5040.0, 'idealEndInSeconds': 7440.0}","{'qualifierKey': 'EXCELLENT', 'optimalStart': 0.0, 'optimalEnd': 15.0}","{'qualifierKey': 'FAIR', 'optimalStart': 0.0, 'optimalEnd': 5.0}","{'qualifierKey': 'FAIR', 'optimalStart': 28200.0, 'optimalEnd': 28200.0}","{'value': 50, 'qualifierKey': 'EXCELLENT', 'optimalStart': 30.0, 'optimalEnd': 64.0, 'idealStartInSeconds': 7200.0, 'idealEndInSeconds': 15360.0}"
2026-07-16,"{'value': 93, 'qualifierKey': 'EXCELLENT'}","{'value': 24, 'qualifierKey': 'EXCELLENT', 'optimalStart': 16.0, 'optimalEnd': 33.0, 'idealStartInSeconds': 4780.8, 'idealEndInSeconds': 9860.4}","{'qualifierKey': 'GOOD', 'optimalStart': 0.0, 'optimalEnd': 1.0}","{'value': 23, 'qualifierKey': 'EXCELLENT', 'optimalStart': 21.0, 'optimalEnd': 31.0, 'idealStartInSeconds': 6274.8, 'idealEndInSeconds': 9262.8}","{'qualifierKey': 'GOOD', 'optimalStart': 0.0, 'optimalEnd': 15.0}","{'qualifierKey': 'GOOD', 'optimalStart': 0.0, 'optimalEnd': 5.0}","{'qualifierKey': 'EXCELLENT', 'optimalStart': 28200.0, 'optimalEnd': 28200.0}","{'value': 52, 'qualifierKey': 'EXCELLENT', 'optimalStart': 30.0, 'optimalEnd': 64.0, 'idealStartInSeconds': 8964.0, 'idealEndInSeconds': 19123.2}"
2026-07-17,"{'value': 87, 'qualifierKey': 'GOOD'}","{'value': 18, 'qualifierKey': 'EXCELLENT', 'optimalStart': 16.0, 'optimalEnd': 33.0, 'idealStartInSeconds': 4137.6, 'idealEndInSeconds': 8533.8}","{'qualifierKey': 'GOOD', 'optimalStart': 0.0, 'optimalEnd': 1.0}","{'value': 24, 'qualifierKey': 'EXCELLENT', 'optimalStart': 21.0, 'optimalEnd': 31.0, 'idealStartInSeconds': 5430.6, 'idealEndInSeconds': 8016.6}","{'qualifierKey': 'EXCELLENT', 'optimalStart': 0.0, 'optimalEnd': 15.0}","{'qualifierKey': 'GOOD', 'optimalStart': 0.0, 'optimalEnd': 5.0}","{'qualifierKey': 'GOOD', 'optimalStart': 28200.0, 'optimalEnd': 28200.0}","{'value': 57, 'qualifierKey': 'EXCELLENT', 'optimalStart': 30.0, 'optimalEnd': 64.0, 'idealStartInSeconds': 7758.0, 'idealEndInSeconds': 16550.4}"
2026-07-18,"{'value': 80, 'qualifierKey': 'GOOD'}","{'value': 13, 'qualifierKey': 'FAIR', 'optimalStart': 16.0, 'optimalEnd': 33.0, 'idealStartInSeconds': 4329.6, 'idealEndInSeconds': 8929.8}","{'qualifierKey': 'FAIR', 'optimalStart': 0.0, 'optimalEnd': 1.0}","{'value': 29, 'qualifierKey': 'EXCELLENT', 'optimalStart': 21.0, 'optimalEnd': 31.0, 'idealStartInSeconds': 5682.6, 'idealEndInSeconds': 8388.6}","{'qualifierKey': 'GOOD', 'optimalStart': 0.0, 'optimalEnd': 15.0}","{'qualifierKey': 'FAIR', 'optimalStart': 0.0, 'optimalEnd': 5.0}","{'qualifierKey': 'EXCELLENT', 'optimalStart': 28200.0, 'optimalEnd': 28200.0}","{'value': 58, 'qualifierKey': 'EXCELLENT', 'optimalStart': 30.0, 'optimalEnd': 64.0, 'idealStartInSeconds': 8118.0, 'idealEndInSeconds': 17318.4}"
2026-07-19,"{'value': 95, 'qualifierKey': 'EXCELLENT'}","{'value': 23, 'qualifierKey': 'EXCELLENT', 'optimalStart': 16.0, 'optimalEnd': 33.0, 'idealStartInSeconds': 5193.6, 'idealEndInSeconds': 10711.8}","{'qualifierKey': 'GOOD', 'optimalStart': 0.0, 'optimalEnd': 1.0}","{'value': 23, 'qualifierKey': 'EXCELLENT', 'optimalStart': 21.0, 'optimalEnd': 31.0, 'idealStartInSeconds': 6816.6, 'idealEndInSeconds': 10062.6}","{'qualifierKey': 'EXCELLENT', 'optimalStart': 0.0, 'optimalEnd': 15.0}","{'qualifierKey': 'GOOD', 'optimalStart': 0.0, 'optimalEnd': 5.0}","{'qualifierKey': 'EXCELLENT', 'optimalStart': 28200.0, 'optimalEnd': 28200.0}","{'value': 54, 'qualifierKey': 'EXCELLENT', 'optimalStart': 30.0, 'optimalEnd': 64.0, 'idealStartInSeconds': 9738.0, 'idealEndInSeconds': 20774.4}"
2026-07-20,"{'value': 95, 'qualifierKey': 'EXCELLENT'}","{'value': 26, 'qualifierKey': 'EXCELLENT', 'optimalStart': 16.0, 'optimalEnd': 33.0, 'idealStartInSeconds': 5260.8, 'idealEndInSeconds': 10850.4}","{'qualifierKey': 'GOOD', 'optimalStart': 0.0, 'optimalEnd': 1.0}","{'value': 23, 'qualifierKey': 'EXCELLENT', 'optimalStart': 21.0, 'optimalEnd': 31.0, 'idealStartInSeconds': 6904.8, 'idealEndInSeconds': 10192.8}","{'qualifierKey': 'EXCELLENT', 'optimalStart': 0.0, 'optimalEnd': 15.0}","{'qualifierKey': 'GOOD', 'optimalStart': 0.0, 'optimalEnd': 5.0}","{'qualifierKey': 'EXCELLENT', 'optimalStart': 28200.0, 'optimalEnd': 28200.0}","{'value': 51, 'qualifierKey': 'EXCELLENT', 'optimalStart': 30.0, 'optimalEnd': 64.0, 'idealStartInSeconds': 9864.0, 'idealEndInSeconds': 21043.2}"
2026-07-21,"{'value': 99, 'qualifierKey': 'EXCELLENT'}","{'value': 20, 'qualifierKey': 'EXCELLENT', 'optimalStart': 16.0, 'optimalEnd': 33.0, 'idealStartInSeconds': 4713.6, 'idealEndInSeconds': 9721.8}","{'qualifierKey': 'EXCELLENT', 'optimalStart': 0.0, 'optimalEnd': 1.0}","{'value': 29, 'qualifierKey': 'EXCELLENT', 'optimalStart': 21.0, 'optimalEnd': 31.0, 'idealStartInSeconds': 6186.6, 'idealEndInSeconds': 9132.6}","{'qualifierKey': 'EXCELLENT', 'optimalStart': 0.0, 'optimalEnd': 15.0}","{'qualifierKey': 'EXCELLENT', 'optimalStart': 0.0, 'optimalEnd': 5.0}","{'qualifierKey': 'EXCELLENT', 'optimalStart': 28200.0, 'optimalEnd': 28200.0}","{'value': 51, 'qualifierKey': 'EXCELLENT', 'optimalStart': 30.0, 'optimalEnd': 64.0, 'idealStartInSeconds': 8838.0, 'idealEndInSeconds': 18854.4}"
2026-07-22,"{'value': 95, 'qualifierKey': 'EXCELLENT'}","{'value': 15, 'qualifierKey': 'FAIR', 'optimalStart': 16.0, 'optimalEnd': 33.0, 'idealStartInSeconds': 4915.2, 'idealEndInSeconds': 10137.6}","{'qualifierKey': 'EXCELLENT', 'optimalStart': 0.0, 'optimalEnd': 1.0}","{'value': 24, 'qualifierKey': 'EXCELLENT', 'optimalStart': 21.0, 'optimalEnd': 31.0, 'idealStartInSeconds': 6451.2, 'idealEndInSeconds': 9523.2}","{'qualifierKey': 'EXCELLENT', 'optimalStart': 0.0, 'optimalEnd': 15.0}","{'qualifierKey': 'EXCELLENT', 'optimalStart': 0.0, 'optimalEnd': 5.0}","{'qualifierKey': 'EXCELLENT', 'optimalStart': 28200.0, 'optimalEnd': 28200.0}","{'value': 61, 'qualifierKey': 'GOOD', 'optimalStart': 30.0, 'optimalEnd': 64.0, 'idealStartInSeconds': 9216.0, 'idealEndInSeconds': 19660.8}"
2026-07-23,"{'value': 84, 'qualifierKey': 'GOOD'}","{'value': 29, 'qualifierKey': 'EXCELLENT', 'optimalStart': 16.0, 'optimalEnd': 33.0, 'idealStartInSeconds': 4156.8, 'idealEndInSeconds': 8573.4}","{'qualifierKey': 'FAIR', 'optimalStart': 0.0, 'optimalEnd': 1.0}","{'value': 25, 'qualifierKey': 'EXCELLENT', 'optimalStart': 21.0, 'optimalEnd': 31.0, 'idealStartInSeconds': 5455.8, 'idealEndInSeconds': 8053.8}","{'qualifierKey': 'GOOD', 'optimalStart': 0.0, 'optimalEnd': 15.0}","{'qualifierKey': 'FAIR', 'optimalStart': 0.0, 'optimalEnd': 5.0}","{'qualifierKey': 'EXCELLENT', 'optimalStart': 28200.0, 'optimalEnd': 28200.0}","{'value': 46, 'qualifierKey': 'EXCELLENT', 'optimalStart': 30.0, 'optimalEnd': 64.0, 'idealStartInSeconds': 7794.0, 'idealEndInSeconds': 16627.2}"
